LogTest.txt,
282148,-19
284516,-22
286980,-22
289380,-7
291800,-15
294200,-19
296612,-15
299032,-15
301432,-22
303832,-22
347640,-15
350024,-19
352412,-19
354804,-15
357176,-7
359576,-19
361964,-15
364340,-15
366732,-15
369112,-11
412892,-22
415280,-19
417672,-15
420064,-15
422448,-22
424836,-15
427228,-15
429604,-19
431976,-19
434368,-19
478732,-15
481116,-15
483504,-19
485888,-15
488280,-15
490668,-15
493056,-15
495432,-15
497824,-11
500200,-15
log,
544544,-15
546932,-22
549312,-19
551700,-15
554104,-11
556480,-15
558860,-22
561248,-19
563628,-15
566000,-19
log,
613620,-15
616008,-19
618396,-22
620788,-15
623172,-22
625568,-11
627956,-15
630340,-19
632732,-15
635116,-19
log,
679436,-15
681820,-15
684212,-11
686588,-19
688964,-7
691344,-19
693736,-15
696112,-19
698496,-19
700876,-15
log,
744644,-15
747024,-19
749416,-15
751816,-15
754212,-11
756600,-22
759004,-19
761380,-19
763768,-22
766164,-15
log,
810480,-22
812864,-11
815256,-15
817644,-15
820032,-15
822412,-19
824796,-19
827180,-15
829564,-19
831944,-15
log,
879560,-15
881956,-15
884340,-22
886732,-11
889132,-19
891516,-11
893900,-19
896292,-15
898672,-15
901060,-15
log,
945372,-19
947756,-19
950144,-15
952532,-19
954920,-15
957308,-15
959696,-19
962080,-15
964456,-22
966848,-15
log,
1011152,-19
1013576,-19
1016008,-19
1018432,-19
1020860,-22
1023296,-15
1025724,-15
1028156,-15
1030576,-15
1033004,-15
log,
1082980,-19
1085424,-19
1087852,-19
1090272,-19
1092720,-19
1095148,-19
1097584,-15
1100008,-19
1102424,-19
1104856,-15
log,
1158124,-19
1160552,-19
1162980,-19
1165412,-15
1167844,-15
1170272,-19
1172696,-19
1175128,-11
1177560,-11
1179988,-11
log,
1229948,-15
1232376,-19
1234796,-11
1237228,-15
1239656,-19
1242100,-15
1244528,-19
1246948,-15
1249380,-15
1251792,-19
log,
1301756,-15
1304188,-15
1306632,-22
1309060,-19
1311500,-11
1313932,-15
1316356,-15
1318776,-15
1321200,-19
1323620,-15
log,
1373572,-15
1376012,-15
1378444,-15
1380864,-19
1383296,-15
1385728,-15
1388156,-15
1390596,-15
1393020,-22
1395440,-15
log,
1448700,-15
1451124,-19
1453560,-19
1455988,-19
1458416,-19
1460840,-22
1463276,-15
1465704,-15
1468128,-15
1470560,-19
log,
1520504,-15
1522944,-15
1525376,-15
1527816,-15
1530256,-15
1532680,-19
1535112,-15
1537536,-15
1539960,-15
1542392,-15
log,
1592348,-15
1594780,-15
1597216,-15
1599644,-22
1602076,-15
1604508,-15
1606944,-19
1609360,-19
1611796,-19
1614220,-15
log,
1664180,-15
1666608,-15
1669040,-22
1671472,-22
1673900,-15
1676340,-11
1678760,-19
1681180,-11
1683604,-19
1686020,-19
log,
1739192,-19
1741620,-15
1744064,-19
1746484,-15
1748924,-15
1751356,-11
1753780,-19
1756216,-15
1758632,-22
1761060,-19
log,
1811032,-15
1813476,-15
1815908,-15
1818336,-15
1820776,-15
1823204,-15
1825632,-11
1828056,-19
1830476,-15
1832904,-15
log,
1882788,-15
1885236,-15
1887664,-15
1890096,-11
1892528,-15
1894956,-15
1897396,-15
1899824,-19
1902244,-22
1904680,-15
log,
1954628,-15
1957068,-15
1959500,-15
1961928,-22
1964364,-15
1966780,-7
1969212,-19
1971632,-19
1974056,-15
1976480,-19
log,
2029168,-15
2031612,-19
2034052,-19
2036484,-11
2038912,-19
2041336,-19
2043756,-22
2046184,-11
2048608,-15
2051032,-19
log,
2100916,-19
2103360,-19
2105784,-15
2108208,-22
2110644,-15
2113072,-15
2115500,-19
2117936,-15
2120360,-15
2122792,-22
log,
2179460,-15
2181888,-19
2184316,-19
2186740,-19
2189160,-19
2191588,-11
2194012,-11
2196440,-22
2198868,-15
2201288,-19
log,
2258424,-19
2260852,-15
2263292,-15
2265720,-15
2268152,-19
2270576,-22
2272996,-19
2275424,-19
2277856,-15
2280280,-15
log,
2330160,-22
2332600,-19
2335028,-19
2337468,-19
2339904,-19
2342328,-15
2344756,-15
2347180,-19
2349600,-19
2352032,-15
log,
2405304,-11
2407736,-15
2410172,-19
2412612,-15
2415040,-19
2417464,-19
2419892,-15
2422312,-19
2424736,-19
2427172,-15
log,
2477088,-15
2479516,-15
2481944,-19
2484376,-15
2486816,-15
2489244,-15
2491684,-19
2494112,-15
2496548,-15
2498968,-19
log,
2548936,-15
2551368,-15
2553804,-15
2556236,-15
2558668,-19
2561108,-15
2563532,-19
2565952,-15
2568384,-15
2570800,-19
log,
2620636,-15
2623060,-19
2625500,-19
2627928,-19
2630352,-15
2632788,-15
2635212,-15
2637632,-19
2640068,-15
2642484,-15
log,
2695760,-19
2698200,-15
2700636,-15
2703064,-15
2705504,-15
2707940,-15
2710360,-15
2712792,-15
2715220,-15
2717652,-19
log,
2767600,-19
2770036,-22
2772472,-11
2774904,-11
2777336,-19
2779764,-15
2782204,-19
2784640,-15
2787056,-19
2789492,-15
log,
2839464,-19
2841908,-22
2844344,-15
2846784,-15
2849204,-19
2851632,-15
2854064,-15
2856484,-19
2858908,-19
2861344,-15
log,
2911316,-19
2913744,-15
2916172,-11
2918612,-15
2921052,-19
2923488,-19
2925916,-19
2928336,-19
2930768,-19
2933192,-15
log,
2986472,-15
2988900,-15
2991332,-19
2993760,-15
2996200,-19
2998632,-15
3001056,-15
3003488,-19
3005912,-15
3008336,-15
log,
3058296,-19
3060744,-22
3063172,-19
3065600,-19
3068036,-19
3070460,-15
3072892,-15
3075324,-15
3077748,-15
3080180,-15
log,
3130144,-19
3132584,-15
3135008,-15
3137444,-15
3139884,-19
3142312,-15
3144756,-15
3147176,-15
3149588,-7
3152016,-15
log,
3201416,-15
3203852,-15
3206272,-19
3208696,-19
3211132,-22
3213564,-15
3215996,-22
3218428,-19
3220864,-15
3223288,-15
log,
3276488,-19
3278924,-15
3281348,-19
3283764,-19
3286208,-15
3288640,-11
3291072,-15
3293492,-19
3295912,-15
3298348,-15
log,
3348316,-15
3350756,-15
3353180,-19
3355616,-15
3358056,-15
3360484,-15
3362916,-19
3365332,-15
3367752,-19
3370180,-22
log,
3420188,-15
3422616,-19
3425048,-15
3427488,-11
3429912,-19
3432344,-15
3434788,-11
3437216,-15
3439652,-11
3442072,-19
log,
3492060,-15
3494500,-15
3496936,-22
3499376,-22
3501800,-19
3504236,-19
3506664,-15
3509084,-19
3511512,-15
3513936,-19
log,
3567232,-15
3569656,-3
3572088,-22
3574508,-38
3576948,-45
3579372,15
3581796,-15
3584224,-15
3586648,-15
3589080,-11
log,
3637948,-26
3640388,-19
3642796,3
3645220,-3
3647652,-19
3650076,-15
3652516,-11
3654944,-19
3657368,-15
3659788,-7
log,
3707532,-11
3709972,-19
3712404,-19
3714840,-11
3717264,-7
3719676,-7
3722104,-15
3724532,-15
3726956,-11
3729392,-11
log,
3778256,-15
3780692,-15
3783116,-15
3785544,-15
3787976,-15
3790404,-15
3792840,-19
3795264,-19
3797688,-15
3800120,-19
log,
3853408,-15
3855832,-7
3858264,-15
3860696,-15
3863124,-22
3865556,-19
3867984,-19
3870412,-15
3872844,-26
3875260,-19
log,
3924692,-26
3927128,-30
3929564,-30
3931984,-30
3934420,-26
3936852,-30
3939284,-22
3941708,-26
3944136,-22
3946564,-26
log,
3996540,-11
3998984,-11
4001412,-15
4003836,-7
4006276,-11
4008696,-7
4011112,-7
4013540,-11
4015964,-15
4018396,-11
log,
4066700,-42
4069128,-38
4071556,-26
4073980,-30
4076408,-34
4078836,-34
4081260,-34
4083696,-26
4086120,-19
4088540,-30
log,
4141708,-80
4144148,-91
4146584,-76
4149000,-68
4151428,-95
4153856,-91
4156276,-99
4158700,-88
4161120,-88
4163544,-95
log,
4213516,-57
4215948,-42
4218372,-30
4220800,-19
4223244,-45
4225668,-42
4228104,-49
4230528,-45
4232944,-34
4235372,-19
log,
4285356,-61
4287796,-61
4290224,-72
4292660,-61
4295084,-57
4297508,-65
4299936,-68
4302356,-68
4304772,-57
4307200,-53
log,
4357180,-49
4359620,-49
4362040,-42
4364468,-49
4366900,-30
4369328,-42
4371764,-34
4374192,-38
4376620,-57
4379040,-42
log,
4432332,-72
4434752,-68
4437188,-68
4439620,-53
4442048,-53
4444476,-49
4446900,-49
4449328,-53
4451748,-57
4454168,-61
log,
4504168,-61
4506604,-57
4509032,-65
4511456,-61
4513888,-65
4516308,-61
4518736,-61
4521168,-53
4523588,-45
4526012,-53
log,
4575992,-19
4578436,-15
4580860,-22
4583288,-30
4585720,-26
4588144,-22
4590584,-30
4593008,-22
4595424,-34
4597856,-26
log,
4647840,-22
4650276,-19
4652708,-15
4655140,-19
4657564,-11
4659992,-15
4662420,-19
4664840,-19
4667256,-15
4669680,-22
log,
4722868,-15
4725292,-26
4727724,-30
4730160,-22
4732592,-22
4735028,-38
4737444,-38
4739864,-34
4742288,-22
4744708,-26
log,
4794712,19
4797136,22
4799564,30
4801980,26
4804404,42
4806820,53
4809232,45
4811648,42
4814068,42
4816476,38
log,
4860892,57
4863316,65
4865740,61
4868172,68
4870584,65
4873004,76
4875416,65
4877824,68
4880240,72
4882656,68
log,
4927068,84
4929488,84
4931912,84
4934328,76
4936760,80
4939176,76
4941588,76
4944000,80
4946412,76
4948820,84
log,
4996556,88
4998968,80
5001384,80
5003804,80
5006236,84
5008668,84
5011076,84
5013500,84
5015920,80
5018328,76
log,
5062744,111
5065172,103
5067612,103
5070036,99
5072460,111
5074916,114
5077340,99
5079764,122
5082200,118
5084624,114
log,
5133512,153
5135952,157
5138380,168
5140824,176
5143256,180
5145704,168
5148136,172
5150560,172
5152988,183
5155420,172
log,
5205416,214
5207856,222
5210288,226
5212716,229
5215156,233
5217600,233
5220028,229
5222464,229
5224888,222
5227312,229
log,
5280568,287
5283004,272
5285444,264
5287880,275
5290316,287
5292752,275
5295192,283
5297620,283
5300044,295
5302484,283
log,
5352368,306
5354816,318
5357248,310
5359696,314
5362136,314
5364564,314
5367008,314
5369436,318
5371872,325
5374308,318
log,
5424332,341
5426772,337
5429224,318
5431660,314
5434092,360
5436536,344
5438972,321
5441408,329
5443840,375
5446264,348
log,
5496280,352
5498712,348
5501152,356
5503584,364
5506028,341
5508476,344
5510908,348
5513344,348
5515772,341
5518208,356
log,
5571536,352
5573984,356
5576416,348
5578860,348
5581292,344
5583728,344
5586164,356
5588592,352
5591032,348
5593464,348
log,
5643484,364
5645928,367
5648372,360
5650812,356
5653244,360
5655688,364
5658120,352
5660548,360
5662980,352
5665412,341
log,
5715424,352
5717868,352
5720312,360
5722744,375
5725192,367
5727628,367
5730064,344
5732496,337
5734928,367
5737356,375
log,
5787360,367
5789804,364
5792236,360
5794672,360
5797112,383
5799544,387
5801992,379
5804428,375
5806864,383
5809296,410
log,
5862640,383
5865072,371
5867516,367
5869964,364
5872400,367
5874836,383
5877268,383
5879696,383
5882132,375
5884560,371
log,
5934588,371
5937024,364
5939468,371
5941896,383
5944348,387
5946784,375
5949220,371
5951652,375
5954084,375
5956516,371
log,
6006520,375
6008964,383
6011392,379
6013832,375
6016272,371
6018704,375
6021152,375
6023580,371
6026016,375
6028452,371
log,
6078480,352
6080916,356
6083360,367
6085800,360
6088232,364
6090676,375
6093116,375
6095548,379
6097988,383
6100416,367
log,
6153756,383
6156196,371
6158636,375
6161076,371
6163516,383
6165956,383
6168384,383
6170824,387
6173260,367
6175696,371
log,
6225712,360
6228160,341
6230592,364
6233032,356
6235468,375
6237908,371
6240348,367
6242776,356
6245204,348
6247644,348
log,
6297668,375
6300108,360
6302540,360
6304984,360
6307420,367
6309868,364
6312308,364
6314736,360
6317176,356
6319612,356
log,
6369636,367
6372076,364
6374520,364
6376956,360
6379392,364
6381836,364
6384268,367
6386716,371
6389148,360
6391584,367
log,
6444944,383
6447380,383
6449816,383
6452268,375
6454696,375
6457136,375
6459568,371
6461996,375
6464432,371
6466872,371
log,
6516828,360
6519268,360
6521704,371
6524140,364
6526580,367
6529028,356
6531468,360
6533904,360
6536336,360
6538768,352
log,
6588784,352
6591228,356
6593672,352
6596104,360
6598528,348
6600976,356
6603408,352
6605852,360
6608284,348
6610708,344
log,
6660748,321
6663196,318
6665640,318
6668068,318
6670512,321
6672956,318
6675400,318
6677832,310
6680256,306
6682696,314
log,
6736040,291
6738464,287
6740904,310
6743344,298
6745784,287
6748232,287
6750660,295
6753092,287
6755532,279
6757964,295
log,
6808004,283
6810432,275
6812876,272
6815308,268
6817748,279
6820188,279
6822616,272
6825052,283
6827480,283
6829908,268
log,
6879932,241
6882376,241
6884804,229
6887240,226
6889676,229
6892116,222
6894548,218
6896976,218
6899408,226
6901844,226
log,
6951868,183
6954308,168
6956740,130
6959184,168
6961616,172
6964048,157
6966488,157
6968920,137
6971348,157
6973776,145
log,
7027112,68
7029540,84
7031964,57
7034380,84
7036800,61
7039224,68
7041636,72
7044056,57
7046472,65
7048880,61
log,
7093304,95
7095720,42
7098144,26
7100576,45
7102992,84
7105420,72
7107856,61
7110264,15
7112688,34
7115104,84
log,
7159540,145
7161976,149
7164416,160
7166856,157
7169304,141
7171732,145
7174180,164
7176600,164
7179028,160
7181460,168
log,
7231480,91
7233900,91
7236312,95
7238748,103
7241180,103
7243612,107
7246048,107
7248460,91
7250880,-26
7253300,30
log,
7300468,-26
7302884,-49
7305308,38
7307732,-34
7310156,-34
7312584,68
7315012,-99
7317436,-26
7319860,-95
7322280,-80
log,
7374508,-76
7376956,-176
7379396,-160
7381820,-42
7384248,-7
7386664,15
7389088,-30
7391520,-34
7393940,-19
7396368,30
log,
7445748,65
7448168,68
7450592,53
7453028,130
7455448,11
7457868,19
7460268,3
7462676,57
7465096,88
7467504,42
log,
7511928,-11
7514348,-3
7516776,-15
7519212,-34
7521640,-45
7524068,-34
7526496,-45
7528916,-65
7531336,-61
7533760,-76
log,
7583164,-61
7585592,-57
7588020,-45
7590448,-30
7592888,-11
7595312,-3
7597724,-3
7600120,0
7602512,0
7604936,-11
log,
7660512,-3
7662928,-7
7665352,-19
7667784,-30
7670204,-30
7672620,-34
7675048,-45
7677464,-57
7679888,-57
7682320,-57
log,
7737608,-15
7740012,3
7742440,-3
7744868,-11
7747284,-3
7749684,0
7752100,-15
7754520,-15
7756936,-3
7759336,3
log,
7804260,-57
7806684,-49
7809124,-53
7811560,-53
7813980,-57
7816412,-53
7818836,-57
7821268,-45
7823692,-53
7826116,-49
log,
7876164,-38
7878592,-49
7881024,-53
7883448,-49
7885880,-57
7888312,-53
7890736,-49
7893160,-57
7895580,-61
7898004,-65
log,
7951244,-45
7953672,-49
7956100,-45
7958532,-42
7960960,-53
7963384,-42
7965808,-38
7968228,-42
7970648,-42
7973072,-42
log,
8023048,-49
8025480,-49
8027908,-49
8030336,-57
8032776,-53
8035204,-49
8037632,-45
8040052,-49
8042484,-49
8044908,-57
log,
8094820,-45
8097252,-49
8099676,-45
8102104,-45
8104532,-49
8106964,-49
8109396,-45
8111816,-49
8114244,-61
8116664,-49
log,
8166628,-42
8169056,-38
8171488,-34
8173916,-34
8176344,-34
8178772,-34
8181192,-34
8183612,-30
8186036,-42
8188456,-22
log,
8241828,-30
8244264,-30
8246692,-30
8249120,-30
8251548,-38
8253972,-26
8256392,-34
8258816,-34
8261228,-30
8263664,-30
log,
8313692,-15
8316120,-19
8318548,-22
8320988,-26
8323416,-26
8325844,-19
8328276,-19
8330696,-11
8333112,-19
8335536,-26
log,
8385588,-34
8388008,-34
8390432,-30
8392860,-30
8395284,-34
8397712,-34
8400140,-38
8402556,-38
8404988,-30
8407412,-34
log,
8457456,-22
8459880,-19
8462328,-19
8464760,-19
8467180,-19
8469620,-19
8472052,-30
8474468,-22
8476900,-15
8479316,-22
log,
8532696,-34
8535124,-42
8537548,-45
8539976,-42
8542404,-45
8544832,-38
8547256,-34
8549680,-34
8552100,-38
8554532,-38
log,
8604572,-34
8607008,-34
8609448,-30
8611880,-30
8614300,-34
8616728,-34
8619156,-30
8621576,-34
8624004,-30
8626428,-30
log,
8676452,-45
8678880,-34
8681304,-38
8683732,-49
8686160,-42
8688600,-45
8691028,-34
8693448,-34
8695876,-34
8698296,-34
log,
8748340,-34
8750768,-42
8753212,-42
8755636,-38
8758056,-38
8760496,-45
8762920,-45
8765344,-34
8767772,-38
8770192,-34
log,
8823576,-42
8826004,-42
8828428,-42
8830852,-38
8833280,-42
8835704,-42
8838136,-42
8840560,-34
8842980,-38
8845408,-34
log,
8895448,-34
8897876,-34
8900300,-34
8902736,-30
8905156,-45
8907580,-38
8910016,-34
8912432,-38
8914856,-49
8917284,-34
log,
8967332,-30
8969756,-22
8972184,-30
8974612,-30
8977036,-19
8979488,-22
8981908,-34
8984328,-30
8986752,-19
8989172,-22
log,
9039216,-38
9041636,-38
9044068,-34
9046500,-38
9048920,-38
9051356,-38
9053780,-38
9056204,-38
9058628,-38
9061048,-30
log,
9114428,-22
9116864,-30
9119296,-26
9121732,-22
9124156,-22
9126580,-22
9129012,-22
9131428,-22
9133848,-19
9136272,-22
log,
9186336,-22
9188760,-15
9191192,-26
9193620,-22
9196044,-26
9198476,-22
9200904,-19
9203320,-30
9205756,-19
9208180,-22
log,
9258232,-15
9260656,-19
9263100,-22
9265532,-19
9267956,-22
9270392,-15
9272820,-19
9275236,-19
9277664,-26
9280084,-22
log,
9330128,-19
9332556,-15
9335004,-15
9337428,-19
9339864,-15
9342300,-15
9344724,-19
9347156,-15
9349576,-11
9352000,-11
log,
9414520,-22
9416948,-22
9419368,-26
9421800,-26
9424228,-22
9426644,-26
9429076,-15
9431492,-22
9433912,-26
9436336,-26
log,
9486320,-19
9488760,-15
9491184,-22
9493620,-22
9496052,-22
9498484,-19
9500924,-22
9503340,-22
9505776,-15
9508200,-26
log,
9558160,-22
9560592,-22
9563024,-26
9565452,-22
9567880,-19
9570312,-22
9572740,-26
9575160,-22
9577584,-19
9580004,-22
log,
9629968,-26
9632396,-19
9634836,-22
9637268,-15
9639708,-26
9642136,-26
9644560,-22
9646984,-22
9649408,-22
9651824,-34
log,
9705068,-30
9707504,-30
9709940,-34
9712368,-30
9714800,-34
9717228,-26
9719648,-30
9722072,-26
9724496,-26
9726924,-26
log,
9776860,-15
9779300,-19
9781732,-26
9784156,-19
9786588,-19
9789012,-26
9791444,-22
9793868,-22
9796292,-22
9798724,-22
log,
9848644,-26
9851080,-26
9853504,-30
9855932,-26
9858364,-30
9860788,-22
9863220,-30
9865640,-26
9868056,-30
9870480,-30
log,
9920428,-22
9922868,-26
9925300,-30
9927736,-30
9930160,-30
9932584,-30
9935012,-26
9937432,-34
9939856,-30
9942280,-30
log,
9995516,-22
9997948,-22
10000396,-19
10002856,-19
10005324,-26
10007792,-22
10010252,-19
10012720,-22
10015180,-19
10017640,-22
log,
10072128,-7
10074588,-7
10077060,-11
10079524,-7
10081988,-3
10084452,-7
10086920,-11
10089376,-3
10091828,-7
10094292,-15
log,
10145900,-19
10148364,-26
10150832,-26
10153316,-26
10155784,-19
10158260,-30
10160724,-19
10163204,-19
10165668,-15
10168128,-15
log,
10223740,-15
10226224,-11
10228712,-11
10231192,-19
10233664,-15
10236148,-15
10238628,-15
10241108,-15
10243572,-15
10246036,-19
log,
10304900,-15
10307372,-15
10309852,-11
10312320,-15
10314796,-15
10317264,-11
10319736,-15
10322212,-15
10324680,-11
10327152,-19
log,
10382732,-7
10385200,-11
10387672,-11
10390140,-11
10392624,-15
10395112,-11
10397592,-15
10400060,-11
10402520,-19
10404988,-15
log,
10460048,-11
10462512,-7
10464964,-7
10467432,-7
10469904,-15
10472384,-15
10474856,-11
10477320,-11
10479788,-15
10482252,-11
log,
10536172,-7
10538624,-7
10541088,-7
10543556,-15
10546036,-15
10548512,-15
10550988,-11
10553448,-7
10555912,-15
10558364,-7
log,
10614452,-7
10616916,-3
10619384,-11
10621844,-7
10624324,-11
10626792,-15
10629260,-15
10631724,-11
10634200,-15
10636676,-15
log,
10690604,-7
10693056,-3
10695508,-7
10697972,-3
10700424,-7
10702888,-7
10705340,-3
10707788,-3
10710244,-3
10712704,-11
log,
10763264,-3
10765732,-11
10768176,0
10770632,-7
10773088,-7
10775568,-7
10778032,-11
10780496,-15
10782952,-7
10785412,-19
log,
10837096,-7
10839564,-11
10842028,-3
10844492,-3
10846944,-7
10849416,-15
10851868,-7
10854304,0
10856764,-7
10859212,-3
log,
10912988,-7
10915456,-15
10917936,-11
10920420,-15
10922880,-7
10925360,-11
10927824,-15
10930280,-7
10932744,-11
10935200,-3
log,
10988556,-7
10991008,-7
10993460,-7
10995936,-11
10998372,0
11000860,-11
11003328,-15
11005792,-11
11008244,-3
11010696,-7
log,
11062388,-11
11064856,-11
11067332,-11
11069812,-7
11072280,-11
11074756,-11
11077212,-7
11079668,-3
11082140,-11
11084604,-11
log,
11138528,-7
11141008,-11
11143476,-7
11145944,-11
11148424,-11
11150876,-7
11153336,-7
11155788,-7
11158236,-3
11160696,-7
log,
11215656,-3
11218120,-7
11220572,-7
11223032,-3
11225508,-11
11227964,-7
11230416,-7
11232864,-7
11235320,-7
11237772,-3
log,
11288312,-7
11290776,-3
11293240,-7
11295680,0
11298144,-7
11300620,-15
11303092,-15
11305548,-7
11307988,0
11310440,-7
log,
11360448,-15
11362904,-3
11365368,-7
11367836,-11
11370312,-11
11372788,-11
11375268,-11
11377740,-11
11380212,-15
11382680,-11
log,
11437180,-11
11439644,-11
11442136,-15
11444604,-7
11447060,-7
11449536,-15
11452012,-11
11454476,-7
11456932,-3
11459392,-11
log,
11516040,-3
11518500,-3
11520968,-7
11523440,-11
11525896,3
11528368,-15
11530824,-3
11533284,-3
11535736,-3
11538200,-11
log,
11589328,-11
11591788,-7
11594248,-3
11596720,-11
11599188,-3
11601656,-15
11604116,-7
11606564,-3
11609016,-7
11611484,-15
log,
11663732,0
11666164,0
11668624,-7
11671076,-7
11673516,0
11675996,-11
11678456,-3
11680924,-15
11683380,-7
11685836,-3
log,
11735244,0
11737700,-7
11740172,-7
11742644,-15
11745108,-19
11747572,-7
11750028,-7
11752492,-3
11754956,-11
11757420,-15
log,
11812396,-3
11814872,-15
11817348,-15
11819816,-15
11822284,-7
11824744,-7
11827212,-3
11829660,-7
11832120,-11
11834556,0
log,
11886248,-11
11888708,-7
11891168,-7
11893628,-7
11896084,-3
11898556,-11
11901040,-15
11903500,-19
11905976,-15
11908444,-11
log,
11961792,0
11964244,-3
11966708,-3
11969160,-7
11971628,-7
11974084,-3
11976536,-3
11978972,0
11981420,-7
11983884,-7
log,
12036080,-11
12038552,-11
12041028,-15
12043500,-11
12045968,-11
12048448,-15
12050916,-15
12053372,-7
12055828,-7
12058284,-3
log,
12112228,-11
12114700,-7
12117168,-7
12119628,-7
12122120,-11
12124596,-11
12127064,-11
12129520,-7
12131968,-3
12134444,-11
log,
12187204,-11
12189672,-7
12192152,-15
12194624,-11
12197092,-7
12199564,-11
12202036,-3
12204496,-15
12206964,-15
12209428,-7
log,
12262824,-11
12265280,-7
12267736,-7
12270200,-3
12272684,-11
12275136,-7
12277608,-15
12280068,-7
12282536,-15
12284996,-7
log,
12340564,-7
12343016,-3
12345472,-7
12347932,-7
12350408,-11
12352868,-7
12355332,-11
12357788,-3
12360220,0
12362672,-3
log,
12413260,-11
12415712,-3
12418200,-15
12420672,-11
12423140,-7
12425612,-3
12428076,-11
12430536,-3
12432980,3
12435440,-3
log,
12487128,-7
12489580,-7
12492068,-11
12494540,-11
12497012,-11
12499468,-7
12501940,-11
12504396,-3
12506860,-11
12509316,-3
log,
12562124,-7
12564600,-11
12567068,-11
12569532,-7
12571996,-3
12574460,-7
12576920,-3
12579352,0
12581820,-11
12584276,-3
log,
12638712,-7
12641188,-11
12643664,-11
12646136,-11
12648620,-11
12651092,-11
12653580,-15
12656048,-11
12658496,-7
12660964,-11
log,
12715476,-15
12717936,-7
12720420,-11
12722896,-11
12725388,-11
12727848,-7
12730328,-11
12732804,-11
12735276,-11
12737752,-15
log,
12792248,-7
12794700,-7
12797180,-11
12799664,-15
12802136,-7
12804572,0
12807024,-7
12809476,-7
12811928,-7
12814388,-7
log,
12864952,-3
12867420,-11
12869884,-7
12872364,-15
12874836,-11
12877304,-11
12879764,-3
12882220,-7
12884672,-7
12887124,-7
log,
12942628,-7
12945104,-11
12947564,-3
12949996,0
12952480,-11
12954940,-7
12957400,-11
12959856,-3
12962304,-7
12964760,-7
log,
13015820,-11
13018304,-15
13020744,0
13023224,-11
13025688,-3
13028140,-3
13030600,-3
13033048,-7
13035508,-7
13037980,-11
log,
13089684,-7
13092140,-7
13094600,-7
13097080,-11
13099536,-3
13102004,-3
13104472,-7
13106920,-7
13109380,-3
13111828,-3
log,
13162400,-7
13164872,-11
13167352,-11
13169824,-11
13172280,-3
13174756,-11
13177224,-7
13179676,-7
13182120,0
13184580,-11
log,
13240088,-11
13242568,-11
13245036,-11
13247500,-7
13249968,-15
13252440,-11
13254896,-7
13257356,-11
13259832,-11
13262296,-11
log,
13316708,-15
13319180,-7
13321632,-7
13324096,-7
13326568,-15
13329036,-11
13331516,-11
13333984,-11
13336440,-7
13338916,-11
log,
13405516,-11
13407972,-7
13410432,-7
13412880,-7
13415332,-7
13417788,-3
13420236,-7
13422696,-7
13425144,-3
13427612,-11
log,
13479096,-7
13481548,-7
13484020,-7
13486488,-11
13488956,-15
13491436,-11
13493892,-3
13496364,-11
13498828,-11
13501276,-7
log,
13557404,-7
13559876,-7
13562332,-3
13564780,-7
13567268,-11
13569728,-7
13572180,-3
13574648,-11
13577116,-11
13579588,-15
log,
13631780,-7
13634244,-7
13636716,-7
13639168,-7
13641640,-15
13644084,0
13646552,-15
13649004,-7
13651468,-11
13653924,-3
log,
13704988,-7
13707460,-11
13709920,-3
13712396,-11
13714864,-11
13717324,-7
13719796,-3
13722244,-7
13724716,-11
13727164,-7
log,
13779340,0
13781788,-7
13784268,-11
13786736,-15
13789208,-7
13791664,-7
13794132,-15
13796588,-7
13799036,-7
13801512,-15
log,
13856376,-7
13858848,-7
13861312,-11
13863772,-7
13866240,-7
13868708,-11
13871172,-7
13873636,-11
13876108,-11
13878568,-3
log,
13930752,0
13933208,-7
13935692,-11
13938152,-7
13940608,-7
13943076,-7
13945536,-7
13947988,-3
13950444,-3
13952892,-7
log,
14002912,-3
14005376,-7
14007840,-3
14010300,-7
14012740,0
14015196,-3
14017660,-7
14020108,-7
14022564,-3
14025016,-3
log,
14074460,-7
14076932,-7
14079392,-7
14081852,-7
14084304,0
14086780,-15
14089256,-11
14091688,0
14094116,0
14096572,-3
log,
14153096,-7
14155560,-7
14158036,-11
14160504,-15
14162968,-7
14165396,0
14167844,-3
14170296,-3
14172748,-3
14175208,-7
log,
14225764,-15
14228228,-15
14230708,-11
14233188,-11
14235680,-11
14238148,-15
14240584,0
14243048,-11
14245500,-3
14247960,-3
log,
14301332,-11
14303800,-11
14306284,-11
14308768,-11
14311228,-7
14313704,-11
14316172,-15
14318636,-7
14321092,-3
14323540,-3
log,
14376908,-15
14379376,-7
14381852,-11
14384340,-15
14386820,-15
14389312,-15
14391768,-7
14394232,-15
14396708,-15
14399176,-15
log,
14456956,-11
14459432,-11
14461896,-3
14464352,-7
14466808,-3
14469280,-11
14471736,-3
14474204,-11
14476664,-7
14479128,-11
log,
14531920,-7
14534384,-11
14536852,-3
14539304,-3
14541756,0
14544224,-11
14546680,-7
14549116,0
14551564,-3
14554016,-3
log,
14604004,-11
14606468,-7
14608936,-15
14611416,-11
14613868,0
14616324,-7
14618796,-11
14621260,-11
14623720,-7
14626172,-3
log,
14678416,-15
14680880,-11
14683356,-15
14685828,-11
14688308,-15
14690772,-11
14693240,-11
14695716,-11
14698184,-11
14700664,-15
log,
14759548,-15
14762012,-7
14764468,-7
14766944,-11
14769400,-7
14771876,-11
14774336,-3
14776792,-3
14779256,-11
14781732,-11
log,
14834512,-7
14836984,-15
14839456,-11
14841944,-11
14844412,-11
14846872,-3
14849348,-11
14851796,-7
14854264,-11
14856716,-3
log,
14910080,-11
14912560,-11
14915016,-7
14917480,-7
14919936,-7
14922392,-7
14924864,-3
14927332,-11
14929800,-11
14932276,-11
log,
14985084,-15
14987548,-7
14990000,-3
14992468,-7
14994932,-7
14997408,-11
14999888,-11
15002352,-11
15004804,-7
15007268,-15
log,
15063368,-11
15065820,-7
15068276,-3
15070732,-7
15073200,-7
15075640,0
15078088,-7
15080548,-7
15082996,-7
15085464,-11
log,
15136020,-7
15138472,-7
15140948,-3
15143400,-3
15145876,-11
15148348,-3
15150816,-15
15153288,-15
15155752,-15
15158220,-15
log,
15211028,-11
15213496,-7
15215972,-19
15218444,-11
15220928,-15
15223396,-15
15225880,-19
15228336,-19
15230800,-15
15233276,-15
log,
15291608,-11
15294076,-15
15296556,-7
15299024,-11
15301496,-11
15303972,-15
15306440,-11
15308912,-19
15311364,-7
15313836,-11
log,
15368332,-11
15370800,-11
15373280,-11
15375752,-11
15378224,-11
15380684,-3
15383136,-3
15385592,-3
15388052,-3
15390500,-7
log,
15443304,-11
15445756,-7
15448236,-11
15450700,-7
15453180,-15
15455644,-7
15458100,-7
15460536,0
15462968,0
15465436,-15
log,
15516476,-15
15518956,-11
15521424,-19
15523888,-3
15526340,-7
15528816,-15
15531300,-11
15533756,-7
15536228,-11
15538680,-7
log,
15595316,-7
15597804,-11
15600280,-15
15602756,-15
15605236,-11
15607708,-15
15610164,-3
15612624,-11
15615100,-15
15617548,-7
log,
15671492,-15
15673960,-7
15676444,-15
15678916,-11
15681392,-11
15683856,-7
15686316,-7
15688776,-3
15691236,-11
15693692,-3
log,
15746512,-11
15748972,-7
15751440,-7
15753916,-15
15756388,-3
15758860,-15
15761324,-7
15763776,-3
15766240,-11
15768704,-19
log,
15821516,-15
15823980,-7
15826448,-15
15828924,-11
15831396,-15
15833868,-11
15836328,-7
15838792,-11
15841272,-11
15843744,-11
log,
15901524,-11
15904012,-11
15906488,-15
15908948,-7
15911420,-15
15913880,-7
15916348,-11
15918812,-15
15921272,-3
15923736,-11
log,
15977688,-15
15980164,-11
15982648,-11
15985124,-11
15987600,-11
15990072,-15
15992532,-7
15994992,-3
15997440,-3
15999912,-11
log,
16053860,-11
16056336,-3
16058792,-3
16061260,-15
16063736,-11
16066216,-11
16068692,-11
16071144,-7
16073596,-3
16076072,-11
log,
16129456,-11
16131908,-3
16134372,-3
16136848,-11
16139320,-7
16141776,-3
16144236,-7
16146704,-11
16149160,-7
16151600,0
log,
16206044,-11
16208520,-15
16211000,-15
16213472,-11
16215932,-7
16218408,-15
16220864,-7
16223304,0
16225764,-15
16228236,-11
log,
16281632,-7
16284096,-15
16286548,-7
16289012,-7
16291480,-11
16293960,-11
16296428,-3
16298892,-11
16301352,-7
16303788,0
log,
16355468,-3
16357924,-7
16360400,-7
16362872,-15
16365340,-11
16367812,-3
16370272,-7
16372732,-3
16375204,-11
16377668,-11
log,
16429920,-7
16432400,-11
16434872,-15
16437336,-7
16439816,-15
16442288,-11
16444760,-11
16447192,0
16449640,3
16452084,-7
log,
16507100,-15
16509552,-7
16512020,-7
16514472,-7
16516928,-7
16519392,-7
16521856,-11
16524316,-7
16526764,-7
16529212,-7
log,
16580332,-3
16582808,-15
16585276,-7
16587752,-11
16590216,-3
16592688,-11
16595148,-7
16597596,-3
16600036,0
16602488,-7
log,
16653632,-15
16656088,-3
16658564,-11
16661020,-7
16663484,-3
16665948,-3
16668408,-3
16670860,-7
16673308,-7
16675764,-3
log,
16726900,-15
16729380,-11
16731852,-3
16734324,-15
16736780,-3
16739240,-3
16741712,-11
16744164,-3
16746616,-7
16749080,-11
log,
16805204,-11
16807640,0
16810096,-3
16812548,-7
16815008,-7
16817484,-11
16819948,-15
16822404,-3
16824852,-7
16827320,-15
log,
16879008,-7
16881472,-11
16883952,-11
16886420,-15
16888896,-15
16891352,-3
16893804,-7
16896272,-15
16898728,-7
16901188,-7
log,
16954008,-11
16956484,-11
16958956,-7
16961416,-7
16963880,-7
16966340,-3
16968808,-3
16971272,-11
16973724,-7
16976180,-3
log,
17027884,-11
17030344,-7
17032816,-11
17035292,-7
17037744,-7
17040212,-15
17042672,-3
17045120,-3
17047580,-3
17050028,-7
log,
17105016,-3
17107492,-11
17109968,-11
17112448,-11
17114912,-7
17117380,-3
17119808,0
17122272,-7
17124728,-3
17127180,-7
log,
17178320,-11
17180784,-3
17183240,-7
17185700,-7
17188172,-11
17190624,-7
17193100,-11
17195564,-11
17198040,-11
17200504,-7
log,
17253324,-7
17255796,-15
17258252,-7
17260716,-7
17263172,-7
17265660,-11
17268124,-3
17270572,-7
17273032,-7
17275480,-7
log,
17326628,-15
17329104,-11
17331576,-7
17334028,-3
17336500,-11
17338956,-3
17341404,0
17343864,-3
17346316,-3
17348776,-7
log,
17403140,-7
17405612,-15
17408096,-15
17410572,-11
17413032,-3
17415504,-15
17417952,-7
17420408,-7
17422856,-7
17425312,-3
log,
17477588,-11
17480072,-11
17482532,-7
17485012,-11
17487480,-11
17489952,-7
17492408,-7
17494872,-15
17497308,0
17499756,-3
log,
17552020,-15
17554504,-11
17556972,-7
17559448,-11
17561928,-11
17564388,-7
17566852,-7
17569312,-11
17571768,-3
17574228,-3
log,
17627064,-15
17629524,-3
17631992,-15
17634476,-15
17636936,-3
17639396,-3
17641876,-11
17644324,-7
17646792,-15
17649244,-7
log,
17705376,-3
17707848,-11
17710300,0
17712732,0
17715212,-15
17717668,-7
17720116,-7
17722584,-11
17725048,-11
17727524,-11
log,
17779232,-11
17781692,-3
17784160,-3
17786636,-19
17789092,-7
17791544,-7
17794028,-11
17796488,-3
17798940,-7
17801396,-3
log,
17853116,-7
17855580,-7
17858056,-11
17860540,-11
17863024,-15
17865496,-11
17867960,-7
17870424,-11
17872904,-11
17875368,-15
log,
17929316,-7
17931776,3
17934248,-11
17936704,-3
17939164,-7
17941640,-11
17944108,-11
17946584,-11
17949044,-7
17951500,-7
log,
18006532,-11
18009008,-11
18011484,-11
18013964,-15
18016452,-11
18018908,-3
18021384,-11
18023840,-7
18026300,-11
18028772,-11
log,
18083284,-7
18085740,-7
18088224,-11
18090704,-11
18093172,-7
18095624,-7
18098084,-7
18100552,-11
18103016,-11
18105492,-11
log,
18158316,-7
18160792,-15
18163252,-7
18165728,-11
18168200,-3
18170668,-11
18173136,-3
18175600,-11
18178080,-15
18180544,-15
log,
18237236,-11
18239700,-7
18242156,-7
18244624,-7
18247092,-11
18249544,-7
18252000,-7
18254448,-7
18256912,-3
18259372,-11
log,
18311080,-7
18313552,-11
18316020,-7
18318500,-15
18320980,-15
18323464,-19
18325932,-15
18328396,-11
18330872,-11
18333320,-7
log,
18387268,-7
18389732,-7
18392208,-11
18394676,-15
18397168,-15
18399636,-3
18402112,-15
18404568,-3
18407028,-11
18409504,-11
log,
18462904,-7
18465368,-15
18467828,-7
18470284,-7
18472744,-19
18475208,-3
18477664,-3
18480136,-11
18482600,-11
18485048,-7
log,
18540632,-7
18543092,-7
18545564,-11
18548028,-3
18550500,-11
18552972,-11
18555436,-11
18557908,-19
18560368,-7
18562824,-3
log,
18615652,-3
18618104,-7
18620564,-3
18623024,-7
18625500,-11
18627972,-15
18630444,-11
18632904,-7
18635352,-7
18637832,-11
log,
18690056,-11
18692520,-15
18694988,-15
18697472,-11
18699932,-3
18702396,-7
18704868,-11
18707340,-11
18709812,-11
18712276,-11
log,
18766744,-11
18769208,-7
18771668,-3
18774144,-11
18776604,-7
18779084,-11
18781528,0
18783976,-7
18786436,-7
18788884,-3
log,
18846032,-3
18848488,-7
18850948,-7
18853416,-11
18855896,-11
18858372,-11
18860840,-11
18863304,-7
18865752,-7
18868212,-3
log,
18920376,-7
18922836,-3
18925292,-7
18927752,-7
18930220,-11
18932696,-11
18935160,-7
18937624,-11
18940100,-11
18942548,-7
log,
18994816,-11
18997292,-7
18999748,-7
19002184,0
19004644,-7
19007104,-19
19009592,-11
19012040,-7
19014500,-15
19016956,-3
log,
19068636,-11
19071116,-11
19073580,-3
19076048,-7
19078508,-3
19080972,-11
19083460,-15
19085908,-7
19088392,-11
19090856,-11
log,
19164080,-7
19166552,-11
19169016,-3
19171488,-15
19173944,-7
19176420,-11
19178900,-11
19181364,-11
19183840,-15
19186292,-7
log,
19250564,-19
19253036,-15
19255512,-11
19257980,-15
19260452,-15
19262916,-15
19265380,-15
19267848,-15
19270312,-15
19272772,-3
log,
19330636,-3
19333104,-3
19335568,-7
19338024,-3
19340468,0
19342928,-7
19345392,-3
19347864,-15
19350312,-7
19352776,-3
log,
19405672,-3
19408144,-7
19410604,-7
19413048,0
19415500,0
19417936,0
19420408,-11
19422860,-7
19425324,-7
19427772,-7
log,
19482768,-7
19485240,-11
19487708,-3
19490180,-19
19492644,-3
19495128,-11
19497576,-3
19500044,-7
19502508,-11
19504972,-11
log,
19560644,-11
19563112,-11
19565600,-15
19568072,-11
19570528,-7
19573004,-11
19575484,-11
19577944,-7
19580396,-7
19582860,-11
log,
19639492,0
19641936,0
19644384,0
19646844,-3
19649308,-3
19651764,0
19654220,-3
19656664,0
19659120,3
19661560,7
log,
19710508,11
19712976,19
19715444,11
19717892,7
19720356,15
19722824,11
19725300,11
19727760,11
19730216,15
19732680,15
log,
19788240,7
19790696,7
19793160,11
19795608,3
19798068,7
19800504,0
19802932,0
19805384,3
19807816,0
19810272,3
log,
19858068,7
19860524,7
19862976,7
19865432,11
19867904,19
19870376,11
19872844,11
19875304,15
19877760,11
19880208,7
log,
19930832,3
19933272,0
19935716,0
19938156,0
19940604,0
19943040,0
19945524,-11
19947972,3
19950404,0
19952860,-7
log,
20001820,-11
20004280,-22
20006740,-7
20009216,-11
20011688,-15
20014164,-15
20016616,-7
20019084,-11
20021560,-15
20024024,-11
log,
20084696,-15
20087172,-11
20089644,-19
20092124,-15
20094576,-7
20097044,-7
20099504,-11
20101956,-3
20104408,-7
20106856,-7
log,
20162524,-3
20164980,0
20167440,-7
20169880,0
20172332,-3
20174804,-7
20177260,0
20179700,3
20182148,3
20184580,0
log,
20234084,3
20236528,0
20238980,-7
20241444,3
20243888,3
20246344,11
20248800,3
20251232,0
20253676,7
20256132,3
log,
20304520,-3
20307008,-11
20309468,0
20311912,0
20314400,-11
20316868,-3
20319332,-7
20321792,-11
20324248,-7
20326684,0
log,
20382856,-7
20385328,-15
20387800,-3
20390276,-11
20392752,-11
20395228,-19
20397692,-15
20400172,-15
20402636,-11
20405100,-15
log,
20462460,-3
20464908,0
20467368,3
20469832,-3
20472296,-7
20474764,-7
20477208,0
20479664,-3
20482128,-3
20484584,-7
log,
20535780,3
20538232,0
20540684,7
20543132,0
20545596,3
20548032,0
20550484,3
20552928,7
20555360,0
20557796,0
log,
20605044,0
20607500,-3
20609964,3
20612424,-3
20614876,-3
20617336,3
20619768,0
20622204,0
20624636,0
20627084,3
log,
20679352,-22
20681828,-11
20684304,-19
20686772,-26
20689244,-22
20691712,-26
20694176,-22
20696640,-22
20699116,-15
20701592,-15
log,
20760076,26
20762544,22
20765008,22
20767468,19
20769920,7
20772376,15
20774840,19
20777300,19
20779752,11
20782212,11
log,
20834524,7
20836968,3
20839440,11
20841884,7
20844320,0
20846772,3
20849228,11
20851684,3
20854144,11
20856584,7
log,
20905528,0
20907988,-3
20910460,-7
20912900,0
20915344,0
20917792,-3
20920232,0
20922672,0
20925120,-3
20927572,-7
log,
20980948,-11
20983408,-7
20985872,-7
20988320,-7
20990796,-11
20993256,-7
20995720,-11
20998192,-15
21000656,-15
21003112,-7
log,
21058792,-11
21061228,0
21063688,7
21066136,3
21068588,3
21071048,-3
21073500,3
21075952,7
21078392,0
21080836,7
log,
21129784,0
21132244,-3
21134688,0
21137120,0
21139564,0
21142012,3
21144460,0
21146912,3
21149356,3
21151804,7
log,
21199636,-3
21202112,-11
21204572,-3
21207052,-11
21209504,-3
21211956,-3
21214420,-3
21216852,0
21219308,-7
21221768,-3
log,
21278544,-19
21281028,-11
21283496,-11
21285972,-15
21288448,-15
21290920,-11
21293392,-11
21295856,-15
21298328,-11
21300792,-11
log,
21359284,11
21361752,11
21364212,19
21366672,15
21369136,19
21371600,22
21374064,19
21376516,15
21378976,19
21381436,19
log,
21434320,3
21436784,11
21439252,19
21441708,7
21444168,7
21446616,0
21449072,3
21451528,-3
21453964,0
21456404,3
log,
21505368,-7
21507844,-11
21510304,-3
21512780,-11
21515248,-7
21517704,-3
21520172,-15
21522648,-11
21525096,-3
21527564,-7
log,
21586004,-19
21588472,-15
21590948,-15
21593428,-11
21595892,-19
21598368,-19
21600832,-22
21603308,-15
21605776,-22
21608240,-15
log,
21666752,-3
21669188,0
21671636,3
21674100,-3
21676576,-11
21679016,0
21681460,0
21683888,0
21686336,3
21688768,0
log,
21738288,11
21740748,3
21743196,3
21745640,0
21748092,7
21750536,7
21752984,7
21755428,3
21757876,3
21760332,11
log,
21808728,7
21811172,0
21813640,3
21816076,0
21818536,-3
21820976,0
21823436,-7
21825872,0
21828320,-3
21830756,0
log,
21879732,-3
21882208,-11
21884676,-11
21887128,0
21889592,-11
21892056,-7
21894520,-7
21896984,-15
21899460,-11
21901908,-3
log,
21960368,-7
21962824,-7
21965276,-3
21967740,-7
21970212,-11
21972672,-7
21975112,0
21977548,0
21979996,-7
21982456,-3
log,
22034780,0
22037212,0
22039668,-7
22042128,-7
22044592,-3
22047036,0
22049488,-3
22051940,3
22054368,0
22056816,-3
log,
22106892,0
22109352,-7
22111800,0
22114248,0
22116728,-7
22119172,0
22121628,3
22124084,-3
22126532,3
22128988,-7
log,
22178520,-3
22180980,-7
22183436,-3
22185892,3
22188344,0
22190792,3
22193256,-3
22195704,-7
22198160,-3
22200632,-15
log,
22255724,-3
22258176,-7
22260628,0
22263068,0
22265516,0
22267976,-3
22270420,0
22272872,3
22275324,-3
22277780,-3
log,
22327864,0
22330344,-11
22332808,3
22335248,0
22337704,7
22340156,7
22342612,3
22345068,19
22347508,7
22349968,11
log,
22399512,-11
22401988,-15
22404464,-15
22406940,-15
22409412,-15
22411880,-15
22414364,-15
22416828,-15
22419288,-11
22421744,-7
log,
22479684,-7
22482120,0
22484576,-3
22487044,0
22489480,0
22491932,3
22494380,0
22496828,-3
22499280,3
22501716,0
log,
22554036,-19
22556512,-15
22558968,-7
22561448,-15
22563928,-11
22566384,-3
22568824,0
22571260,0
22573700,3
22576156,3
log,
22629044,-19
22631528,-15
22633996,-15
22636468,-19
22638948,-15
22641420,-15
22643892,-11
22646360,-15
22648820,-7
22651276,-7
log,
22708672,-3
22711128,-7
22713592,-3
22716060,-7
22718532,-3
22720988,-3
22723428,0
22725892,-15
22728340,3
22730780,0
log,
22782580,-11
22785060,-3
22787512,-7
22789980,-15
22792448,-3
22794904,-3
22797348,0
22799784,0
22802232,-3
22804664,0
log,
22860316,-15
22862792,-11
22865272,-19
22867736,-19
22870212,-15
22872676,-19
22875160,-15
22877628,-15
22880092,-15
22882564,-11
log,
22941084,-11
22943540,-3
22946012,-11
22948484,-11
22950968,-11
22953428,-7
22955884,-7
22958336,-7
22960792,-3
22963268,-11
log,
23018968,-7
23021408,0
23023884,-7
23026336,3
23028784,0
23031240,-3
23033680,0
23036136,-7
23038568,0
23041012,0
log,
23090564,-11
23093036,-11
23095512,-15
23097984,-11
23100464,-15
23102936,-11
23105408,-11
23107880,-11
23110336,-7
23112800,-19
log,
23174048,-3
23176528,-11
23178984,-7
23181456,-15
23183924,-15
23186388,-7
23188864,-11
23191312,-7
23193792,-11
23196256,-15
log,
23252516,0
23254956,0
23257432,-11
23259900,-3
23262364,-7
23264800,0
23267276,-11
23269712,0
23272176,-11
23274632,-3
log,
23326972,-3
23329452,-11
23331920,-3
23334376,-7
23336844,-7
23339320,-7
23341772,-7
23344232,-3
23346680,-3
23349156,-11
log,
23403176,-11
23405652,-3
23408116,-7
23410576,-7
23413032,-7
23415512,-15
23417988,-11
23420452,-15
23422932,-15
23425400,-7
log,
23484404,0
23486852,0
23489308,-3
23491792,-15
23494232,0
23496696,-3
23499152,-7
23501616,-19
23504072,-7
23506524,-3
log,
23558876,-7
23561336,-3
23563772,0
23566224,0
23568692,-7
23571144,-3
23573612,-7
23576060,-7
23578516,-7
23580972,-7
log,
23632772,-3
23635252,-7
23637704,-7
23640180,-11
23642640,-3
23645104,-3
23647568,-7
23650016,-7
23652468,-7
23654920,-7
log,
23708360,0
23710804,0
23713252,0
23715708,-3
23718176,-3
23720644,-3
23723104,3
23725552,-7
23728012,-7
23730484,-11
log,
23788860,3
23791304,0
23793748,0
23796200,0
23798652,-3
23801108,-3
23803564,-3
23806024,-3
23808472,-3
23810924,-3
log,
23861552,0
23864000,-3
23866464,-7
23868924,-7
23871384,-7
23873848,-3
23876308,-3
23878748,0
23881176,0
23883628,-7
log,
23934828,-3
23937300,-7
23939756,-3
23942204,0
23944664,3
23947108,0
23949572,-7
23952008,0
23954468,-3
23956920,-7
log,
24007576,-3
24010044,-3
24012496,-3
24014944,0
24017376,0
24019836,-3
24022284,0
24024720,0
24027180,-3
24029612,0
log,
24083000,-3
24085488,-15
24087956,-7
24090408,-3
24092860,0
24095312,-7
24097772,-7
24100232,-3
24102688,-7
24105140,-7
log,
24157992,-3
24160448,0
24162880,0
24165352,-3
24167824,-3
24170276,-7
24172740,-7
24175168,0
24177632,-7
24180072,0
log,
24230712,-3
24233168,3
24235624,-7
24238104,-7
24240564,-3
24242996,0
24245468,-3
24247916,-3
24250356,0
24252816,-3
log,
24304016,-7
24306480,-7
24308956,-11
24311416,-7
24313888,-7
24316344,-3
24318800,-3
24321260,-3
24323708,-7
24326168,-3
log,
24382880,-7
24385348,-15
24387820,-7
24390272,-3
24392756,-11
24395224,-7
24397652,0
24400112,-3
24402560,-3
24405020,-3
log,
24458444,-3
24460900,-3
24463372,-7
24465824,-7
24468260,0
24470732,-7
24473188,-3
24475656,-7
24478092,0
24480544,-3
log,
24532304,-7
24534764,-7
24537216,0
24539672,-3
24542160,-11
24544628,-7
24547088,-3
24549548,3
24551984,0
24554444,-3
log,
24606212,-7
24608684,-11
24611144,-7
24613596,-3
24616064,-7
24618532,-11
24620996,-7
24623452,-7
24625908,-7
24628360,-7
log,
24685632,0
24688100,-11
24690556,-3
24693004,0
24695476,-11
24697940,-7
24700396,-3
24702828,0
24705284,-3
24707748,-11
log,
24760620,-7
24763096,-11
24765548,0
24768000,-7
24770464,-3
24772940,-11
24775392,-3
24777852,-7
24780316,-11
24782776,-7
log,
24836764,-7
24839240,-3
24841700,-3
24844156,-3
24846644,-11
24849104,-3
24851548,0
24853996,-3
24856460,-11
24858920,-3
log,
24912364,-3
24914824,-3
24917288,-3
24919728,0
24922192,-7
24924660,-3
24927120,-3
24929580,-3
24932032,-7
24934500,-11
log,
25005508,3
25007940,0
25010396,-7
25012844,-3
25015284,0
25017744,-3
25020192,-3
25022652,-7
25025080,0
25027524,0
log,
25077964,-15
25080428,-11
25082908,-11
25085368,-3
25087828,-7
25090292,-7
25092744,-7
25095184,0
25097636,-7
25100084,-3
log,
25154072,0
25156536,-3
25159000,-3
25161464,-7
25163928,-7
25166392,-3
25168860,-7
25171296,0
25173748,-7
25176208,-3
log,
25227976,-3
25230440,-3
25232896,-3
25235360,-3
25237820,-3
25240260,0
25242732,-7
25245180,-3
25247620,0
25250084,-7
log,
25305100,-3
25307560,-3
25310016,-3
25312484,-3
25314916,0
25317364,0
25319836,-11
25322288,-3
25324728,0
25327160,0
log,
25378300,-7
25380744,0
25383212,-3
25385676,-3
25388136,-3
25390596,-7
25393056,-3
25395516,-3
25397980,-11
25400440,-3
log,
25453252,-7
25455724,-3
25458164,0
25460624,-7
25463092,-7
25465528,0
25467988,-7
25470456,-11
25472896,0
25475356,-3
log,
25527100,0
25529540,0
25531996,-7
25534472,-3
25536932,-7
25539392,-7
25541856,-7
25544308,-3
25546748,0
25549220,-11
log,
25604220,-3
25606676,-7
25609140,-3
25611596,-7
25614032,0
25616488,-3
25618920,0
25621372,-3
25623832,-3
25626284,-3
log,
25678068,-3
25680500,0
25682948,0
25685400,-7
25687840,0
25690296,-7
25692752,-3
25695212,-3
25697672,-3
25700140,-11
log,
25751928,-3
25754380,-3
25756820,0
25759272,-3
25761740,-3
25764212,-3
25766668,-7
25769104,0
25771532,0
25773968,0
log,
25824604,0
25827076,-11
25829532,-7
25831984,0
25834452,-7
25836892,0
25839352,-7
25841792,0
25844240,-7
25846692,-7
log,
25901180,-7
25903640,-7
25906104,-7
25908572,-3
25911008,0
25913452,0
25915880,0
25918336,-3
25920792,-3
25923244,-3
log,
25974464,-3
25976920,-7
25979360,0
25981820,-3
25984312,-11
25986768,-3
25989208,0
25991660,-3
25994108,-3
25996584,-11
log,
26049476,-3
26051944,-7
26054412,-3
26056896,-11
26059352,-3
26061816,3
26064276,-7
26066724,-7
26069164,0
26071612,-3
log,
26123948,-7
26126420,-3
26128888,-11
26131344,-7
26133796,0
26136252,-7
26138716,-3
26141144,0
26143596,-3
26146056,-7
log,
26201688,-3
26204152,-3
26206620,-3
26209084,-7
26211548,-3
26213988,0
26216456,-3
26218908,-3
26221356,-7
26223816,-7
log,
26276152,-7
26278616,-7
26281072,-3
26283524,-7
26285980,0
26288436,-7
26290908,-11
26293344,0
26295792,-3
26298248,-3
log,
26350580,-7
26353032,0
26355484,-7
26357948,-3
26360400,3
26362864,-7
26365308,0
26367756,-7
26370216,-3
26372664,-3
log,
26423888,-7
26426348,-3
26428796,0
26431236,0
26433700,-3
26436152,-7
26438620,-3
26441080,-3
26443532,-3
26445984,-7
log,
26501068,-3
26503508,0
26505960,-7
26508416,-3
26510856,0
26513316,-7
26515772,-7
26518200,0
26520648,0
26523108,-11
log,
26574340,-3
26576796,-7
26579260,-3
26581692,0
26584152,0
26586584,0
26589036,-3
26591492,-3
26593944,-3
26596404,-7
log,
26647624,-7
26650076,-3
26652516,0
26654960,0
26657416,-3
26659880,-3
26662332,-3
26664780,-3
26667236,-7
26669696,-11
log,
26722040,-7
26724504,-3
26726964,-3
26729408,0
26731892,-11
26734352,-3
26736816,-3
26739272,-3
26741712,0
26744184,-15
log,
26800404,-7
26802860,-3
26805340,-3
26807804,-11
26810244,0
26812708,-3
26815164,-3
26817624,-7
26820076,-7
26822524,-7
log,
26875412,-3
26877876,-7
26880332,0
26882784,-7
26885240,-3
26887676,0
26890112,0
26892564,-3
26895020,-3
26897476,-3
log,
26948688,0
26951144,-7
26953604,-3
26956048,0
26958516,-3
26960956,0
26963428,-11
26965880,-7
26968340,-7
26970796,-7
log,
27022516,-3
27024980,-3
27027424,0
27029880,0
27032336,-7
27034804,-7
27037256,-7
27039716,-3
27042172,-7
27044608,0
log,
27095844,-3
27098320,-11
27100776,-3
27103228,0
27105668,0
27108144,-11
27110588,0
27113036,-3
27115500,-7
27117964,-3
log,
27173596,-3
27176040,0
27178496,-7
27180956,-3
27183400,0
27185852,3
27188304,3
27190740,0
27193192,-7
27195668,-15
log,
27246332,-7
27248796,-3
27251252,-3
27253700,0
27256160,-7
27258612,3
27261056,0
27263504,-3
27265960,-7
27268428,-11
log,
27320212,-3
27322696,-11
27325148,-7
27327612,-3
27330072,-7
27332548,-11
27335008,-3
27337464,-3
27339920,-7
27342372,-3
log,
27396376,0
27398852,-11
27401316,-3
27403752,0
27406212,-3
27408652,0
27411132,-11
27413580,0
27416028,-3
27418476,-7
log,
27473580,-11
27476048,-3
27478512,-3
27480980,-3
27483444,-3
27485896,-7
27488356,-7
27490820,-11
27493292,-11
27495752,-3
log,
27550344,-3
27552812,-7
27555264,-7
27557724,-3
27560184,-3
27562648,-7
27565108,0
27567560,-3
27570008,-3
27572460,-7
log,
27624788,0
27627244,-3
27629704,-3
27632156,-3
27634624,-7
27637088,-3
27639536,0
27641992,-7
27644436,3
27646888,-3
log,
27698148,-3
27700624,-3
27703076,-7
27705540,3
27707996,-7
27710480,-11
27712936,-3
27715388,-3
27717840,-7
27720272,0
log,
27775924,-3
27778388,-3
27780840,-3
27783304,-7
27785760,-7
27788220,-3
27790660,0
27793108,-3
27795568,-7
27798016,-3
log,
27850360,-7
27852832,-3
27855268,0
27857716,-3
27860180,-7
27862612,0
27865076,-7
27867528,-7
27869984,-3
27872436,-3
log,
27924224,-3
27926692,-7
27929144,-3
27931616,-3
27934108,-11
27936568,-3
27939040,-11
27941488,-3
27943948,-7
27946400,-7
log,
28000424,-3
28002880,-3
28005352,3
28007816,-3
28010260,0
28012744,-11
28015196,-7
28017656,-3
28020124,-11
28022572,-7
log,
28078784,0
28081252,-7
28083704,0
28086168,-3
28088628,-7
28091068,0
28093528,-3
28095992,-11
28098452,-7
28100912,-3
log,
28152704,-3
28155176,-7
28157632,-3
28160104,-3
28162544,0
28165000,-3
28167464,-3
28169920,-3
28172388,-11
28174836,-3
log,
28227724,0
28230180,-3
28232656,-3
28235092,0
28237532,0
28239992,-7
28242440,3
28244896,-7
28247352,-3
28249812,-11
log,
28301052,-3
28303516,-3
28305992,-11
28308456,-3
28310928,-3
28313380,-7
28315848,-7
28318296,-3
28320756,-3
28323204,3
log,
28379432,-3
28381888,-7
28384356,3
28386808,-7
28389264,-7
28391728,-3
28394176,-3
28396644,-3
28399092,-3
28401564,-15
log,
28454480,-3
28456948,-3
28459412,-3
28461876,-3
28464336,-3
28466784,3
28469260,-3
28471692,0
28474140,-7
28476600,-3
log,
28528404,0
28530868,-7
28533320,-7
28535780,0
28538260,-3
28540692,0
28543156,-3
28545612,-3
28548072,-7
28550524,-3
log,
28601768,-3
28604220,-7
28606684,-3
28609156,-11
28611632,-3
28614088,-7
28616544,-3
28619004,-3
28621464,-7
28623924,-3
log,
28684552,-7
28687028,-11
28689492,-7
28691948,-3
28694404,-3
28696872,-11
28699308,0
28701764,-7
28704204,0
28706648,-7
log,
28759532,-7
28761996,-3
28764460,-3
28766916,-3
28769388,-3
28771852,-3
28774316,-7
28776788,-11
28779240,-3
28781696,-7
log,
28835116,0
28837552,0
28840020,-3
28842472,-3
28844932,-7
28847408,-3
28849860,-7
28852312,-3
28854744,0
28857172,0
log,
28907824,-7
28910288,-11
28912728,0
28915168,0
28917628,-3
28920112,-11
28922568,-7
28925012,0
28927464,-3
28929920,-3
log,
28985524,-3
28987976,-7
28990452,-3
28992908,-7
28995340,0
28997800,-7
29000248,-3
29002704,-7
29005136,0
29007568,0
log,
29058768,-3
29061224,0
29063676,-3
29066140,3
29068624,-11
29071076,-7
29073540,-3
29075988,-3
29078448,-7
29080900,-7
log,
29133220,-3
29135688,-11
29138144,-3
29140600,-3
29143076,-3
29145532,-7
29147992,-7
29150448,-7
29152880,0
29155344,-7
log,
29208200,-11
29210668,-7
29213120,-7
29215568,3
29218032,-7
29220488,-3
29222952,-7
29225400,-3
29227848,-3
29230300,-7
log,
29286464,-3
29288920,-3
29291372,-7
29293832,-7
29296284,-3
29298756,-3
29301208,-7
29303660,-3
29306132,-11
29308568,0
log,
29361416,0
29363888,-3
29366356,-7
29368816,-3
29371276,3
29373736,3
29376172,0
29378628,-3
29381080,-7
29383532,-3
log,
29434176,-3
29436628,3
29439104,-11
29441568,-3
29444036,-3
29446496,-3
29448964,-11
29451420,-7
29453876,-3
29456340,-3
log,
29509772,-7
29512224,-7
29514696,-3
29517152,-3
29519588,0
29522056,-7
29524504,3
29526940,0
29529412,-11
29531864,-3
log,
29586892,0
29589340,3
29591780,0
29594224,0
29596692,-3
29599132,0
29601580,-7
29604040,-7
29606488,-3
29608948,-3
log,
29659004,-7
29661468,-7
29663920,-3
29666368,0
29668824,-7
29671276,-3
29673756,-11
29676204,3
29678660,-3
29681100,0
log,
29732876,-7
29735336,-3
29737792,-3
29740256,-7
29742708,-7
29745164,0
29747600,0
29750048,-3
29752508,-3
29754956,-7
log,
29806708,-3
29809160,-7
29811624,-7
29814080,-3
29816520,0
29818984,-3
29821436,-3
29823896,-3
29826356,-7
29828804,-3
log,
29884408,-7
29886852,0
29889320,-3
29891784,-7
29894236,-7
29896712,-3
29899168,-3
29901632,-11
29904088,-3
29906536,-7
log,
29959400,-3
29961876,-11
29964352,-7
29966820,-11
29969276,-7
29971736,0
29974192,-3
29976660,-7
29979112,-7
29981548,0
log,
30034408,-3
30036876,-7
30039348,-3
30041808,-3
30044256,0
30046708,-7
30049172,-3
30051644,-15
30054100,-3
30056560,-3
log,
30109396,-7
30111872,-7
30114328,-7
30116788,-7
30119272,-11
30121740,-3
30124208,-3
30126664,-3
30129128,-3
30131592,-3
log,
30188312,-7
30190776,-7
30193232,-3
30195684,0
30198136,0
30200596,-7
30203060,-3
30205516,-7
30207960,0
30210424,-3
log,
30261624,-3
30264088,-3
30266552,-3
30268992,0
30271456,0
30273916,-7
30276376,-7
30278832,3
30281268,0
30283740,-11
log,
30334948,-7
30337420,-3
30339856,0
30342324,-3
30344792,-3
30347252,-7
30349716,-7
30352148,0
30354608,-7
30357064,-7
log,
30408832,-3
30411284,-3
30413736,0
30416196,-7
30418632,0
30421096,-3
30423548,-7
30425988,0
30428432,0
30430888,-7
log,
30484788,-3
30487268,-11
30489736,-7
30492188,-3
30494652,-3
30497096,0
30499544,-7
30502000,-3
30504432,0
30506888,-7
log,
30559204,-3
30561672,-7
30564120,3
30566584,-3
30569056,-11
30571532,-7
30573988,-7
30576440,-7
30578900,-7
30581364,-11
log,
30634764,-3
30637232,-7
30639676,0
30642144,-3
30644600,0
30647060,-3
30649524,-7
30651980,-7
30654444,-3
30656908,-3
log,
30708604,-3
30711064,0
30713520,-3
30715988,-7
30718448,-3
30720908,-3
30723368,-7
30725824,-7
30728264,0
30730712,-3
log,
30800460,-3
30802924,-3
30805384,-3
30807840,-3
30810292,-7
30812728,0
30815192,-3
30817656,-7
30820108,-7
30822564,-3
log,
30874800,-7
30877264,-3
30879720,0
30882168,0
30884620,-7
30887076,-3
30889560,-11
30892020,-3
30894476,-3
30896908,0
log,
30948676,-11
30951132,-7
30953596,-3
30956060,-3
30958504,0
30960972,-7
30963432,-3
30965888,-7
30968340,-3
30970776,0
log,
31023096,-3
31025572,-3
31028008,0
31030472,-7
31032912,0
31035376,-7
31037832,0
31040288,-3
31042740,-7
31045176,0
log,
31095820,-7
31098276,-3
31100732,-7
31103184,0
31105640,-3
31108124,-15
31110588,-7
31113016,0
31115476,-3
31117928,-3
log,
31173440,-3
31175908,-7
31178348,0
31180820,-7
31183268,-7
31185728,-3
31188188,-7
31190636,-7
31193104,-3
31195556,-7
log,
31247872,-7
31250336,-7
31252780,0
31255232,-3
31257684,0
31260144,-7
31262608,-3
31265064,-7
31267520,-3
31269964,0
log,
31321080,-3
31323544,-3
31326000,3
31328464,-7
31330916,-7
31333384,3
31335824,0
31338284,-11
31340744,-7
31343200,-3
log,
31394952,-7
31397408,-3
31399884,-3
31402344,0
31404784,0
31407244,-3
31409704,-3
31412180,-11
31414624,0
31417080,-3
log,
31472108,-7
31474572,-7
31477048,-15
31479484,0
31481944,-7
31484412,-11
31486872,-7
31489312,0
31491760,-3
31494224,-7
log,
31547068,-3
31549548,-3
31552000,-3
31554456,-7
31556924,-3
31559376,-7
31561840,-3
31564288,-3
31566748,-7
31569184,0
log,
31621500,-3
31623960,-3
31626420,-3
31628876,-3
31631344,-3
31633792,0
31636260,-7
31638724,-7
31641172,-7
31643636,-7
log,
31695944,-7
31698412,-7
31700876,-7
31703344,-7
31705804,-3
31708264,-3
31710724,-3
31713184,-3
31715644,-3
31718096,-3
log,
31774236,-3
31776676,0
31779140,3
31781596,-3
31784052,3
31786504,-7
31788960,-3
31791412,-3
31793864,-3
31796328,-3
log,
31847452,-3
31849908,-3
31852360,-7
31854828,-3
31857300,-15
31859776,-7
31862236,-3
31864688,-3
31867152,-7
31869608,-7
log,
31923020,-3
31925488,-3
31927960,-7
31930424,3
31932880,-7
31935332,0
31937792,-3
31940228,0
31942672,0
31945124,-7
log,
31995768,-3
31998228,-7
32000688,-7
32003148,0
32005604,-3
32008048,0
32010484,0
32012932,-3
32015392,-7
32017840,-3
log,
32072304,-7
32074772,-3
32077236,-3
32079692,-7
32082132,0
32084596,-11
32087056,-7
32089504,-7
32091936,0
32094392,-7
log,
32146708,-7
32149180,-11
32151652,-11
32154108,-3
32156588,-11
32159048,-7
32161484,0
32163940,-3
32166372,0
32168824,-7
log,
32222224,0
32224680,-3
32227140,-3
32229604,-7
32232060,-3
32234512,0
32236968,-3
32239432,-11
32241872,0
32244320,-3
log,
32296080,-3
32298532,-3
32300980,0
32303440,-3
32305880,0
32308340,-3
32310792,-3
32313232,0
32315672,0
32318124,-7
log,
32372036,-3
32374496,-3
32376952,-3
32379388,0
32381852,-7
32384316,-7
32386760,3
32389204,0
32391656,-7
32394108,-7
log,
32445292,-3
32447764,-3
32450216,-7
32452692,-7
32455156,-3
32457620,-7
32460076,-7
32462528,-3
32464980,-7
32467416,0
log,
32519736,-7
32522212,-3
32524680,-3
32527132,-7
32529608,-3
32532060,-3
32534536,-7
32536972,0
32539404,0
32541844,0
log,
32593024,-3
32595480,-7
32597924,0
32600392,-3
32602856,-7
32605316,-3
32607772,-3
32610212,0
32612652,0
32615104,-3
log,
32669516,-15
32671980,7
32674432,-3
32676916,-11
32679396,-11
32681836,0
32684292,-7
32686760,-15
32689220,-3
32691688,-11
log,
32746216,-7
32748668,0
32751136,-11
32753608,-3
32756068,-7
32758532,-3
32760976,0
32763428,-3
32765908,-11
32768376,-7
log,
32821220,0
32823676,-3
32826132,-3
32828572,0
32831036,-3
32833496,-3
32835948,0
32838396,-3
32840852,-3
32843300,-3
log,
32894472,0
32896928,-3
32899384,-7
32901832,0
32904296,-3
32906736,0
32909192,-7
32911648,3
32914080,0
32916536,-7
log,
32969884,-3
32972340,-7
32974784,0
32977256,-15
32979696,0
32982140,0
32984568,0
32987020,-3
32989480,-7
32991936,-3
log,
33043132,-11
33045592,0
33048040,-7
33050496,-3
33052956,-7
33055408,-3
33057892,-15
33060324,0
33062768,-3
33065204,0
log,
33117520,-3
33119972,-7
33122416,0
33124868,-7
33127328,-7
33129796,-3
33132252,-7
33134708,-7
33137156,-3
33139612,-7
log,
33191924,-7
33194384,-7
33196836,-3
33199324,-11
33201788,-3
33204252,-7
33206696,3
33209148,-7
33211600,-3
33214048,-7
log,
33270196,-7
33272648,-3
33275132,-11
33277596,-3
33280048,0
33282480,0
33284928,-7
33287380,-7
33289828,-3
33292284,-7
log,
33344600,-3
33347032,0
33349480,0
33351916,0
33354372,-3
33356836,-3
33359268,0
33361712,3
33364168,-3
33366600,0
log,
33416092,0
33418548,-3
33421004,-3
33423476,-7
33425928,-3
33428388,-7
33430852,-7
33433316,-11
33435776,-3
33438224,-3
log,
33491100,-11
33493548,0
33495992,0
33498452,3
33500908,-7
33503368,-3
33505804,0
33508260,-3
33510712,-7
33513140,0
log,
33570380,-3
33572852,-7
33575328,-11
33577764,0
33580228,-7
33582656,0
33585100,0
33587556,-7
33589996,0
33592448,-3
log,
33643548,-3
33645996,-3
33648448,-7
33650908,-7
33653340,0
33655800,-3
33658264,-3
33660712,-7
33663160,0
33665612,-3
log,
33717332,-7
33719796,-7
33722256,-7
33724696,0
33727160,-11
33729624,-3
33732084,-3
33734536,-3
33736980,0
33739412,0
log,
33791136,-7
33793604,-7
33796080,-11
33798540,-3
33801012,-15
33803484,-3
33805940,-3
33808376,0
33810828,-3
33813276,-7
log,
33869952,-7
33872404,-7
33874848,0
33877292,0
33879752,-3
33882232,-11
33884684,-7
33887136,-3
33889612,-11
33892060,-7
log,
33944884,-7
33947336,-3
33949800,-3
33952256,-7
33954696,0
33957168,-7
33959624,-3
33962088,-3
33964536,-7
33967004,-11
log,
34019824,-7
34022284,-7
34024764,-11
34027216,-3
34029700,-11
34032136,0
34034608,-11
34037068,-7
34039520,-3
34041976,-7
log,
34095884,-3
34098356,-7
34100808,3
34103272,-3
34105736,3
34108192,-3
34110648,-3
34113100,-7
34115556,-7
34118012,-7
log,
34172984,-15
34175456,-15
34177920,3
34180392,-19
34182856,-22
34185320,-7
34187776,-22
34190232,-7
34192692,-3
34195156,-15
log,
34250812,-11
34253280,-19
34255744,-7
34258204,-3
34260668,-11
34263128,-3
34265588,11
34268048,11
34270488,0
34272940,19
log,
34326880,15
34329324,0
34331772,7
34334228,19
34336688,3
34339148,15
34341592,7
34344052,19
34346504,19
34348964,22
log,
34399524,7
34401964,0
34404428,15
34406888,3
34409344,11
34411792,7
34414252,3
34416720,-19
34419156,0
34421608,15
log,
34474860,0
34477300,0
34479772,-11
34482256,-22
34484724,-19
34487192,-22
34489660,-38
34492120,-15
34494584,-11
34497044,-49
log,
34553224,-49
34555688,-42
34558168,-42
34560628,-91
34563108,-72
34565572,-76
34568040,-15
34570496,-3
34572948,19
34575412,19
log,
34632140,-22
34634604,-34
34637076,-26
34639540,-22
34642012,-19
34644480,57
34646948,-42
34649412,-45
34651872,-30
34654340,-26
log,
