316508,-3,
318876,-7,422.2972973
321316,-7,409.8360656
323708,-7,418.0602007
326104,-7,417.3622705
328496,-7,418.0602007
330880,-7,419.4630872
333284,-11,415.9733777
335680,-11,417.3622705
338088,-11,415.282392
378304,-11,24.86572508
380696,-11,418.0602007
383100,-11,415.9733777
385476,-7,420.8754209
387868,-15,418.0602007
390248,-7,420.1680672
392628,-11,420.1680672
395012,-11,419.4630872
397408,-11,417.3622705
399776,-3,422.2972973
442220,-3,23.56045613
444612,-15,418.0602007
446992,-7,420.1680672
449376,-11,419.4630872
451780,-11,415.9733777
454156,-7,420.8754209
456528,-7,421.5851602
458916,-15,418.760469
461300,-15,419.4630872
463664,-7,423.0118443
504984,-7,24.20135528
507364,-11,420.1680672
509752,-11,418.760469
512140,-11,418.760469
514516,-7,420.8754209
516904,-15,418.760469
519296,-15,418.0602007
521680,-15,419.4630872
524056,-11,420.8754209
526452,-11,417.3622705
569488,-11,23.23636026
571880,-15,418.0602007
574260,-7,420.1680672
576664,-11,415.9733777
579052,-15,418.760469
581432,-7,420.1680672
583808,-7,420.8754209
586192,-11,419.4630872
588576,-11,419.4630872
590952,-7,420.8754209
636096,-11,22.15133794
638484,-15,418.760469
640868,-11,419.4630872
643252,-7,419.4630872
645636,-15,419.4630872
648004,-7,422.2972973
650388,-15,419.4630872
652772,-11,419.4630872
655156,-15,419.4630872
657532,-7,420.8754209
699948,-11,23.57600905
702328,-3,420.1680672
704732,-11,415.9733777
707112,-15,420.1680672
709508,-11,417.3622705
711904,-15,417.3622705
714292,-11,418.760469
716684,-15,418.0602007
719072,-15,418.760469
721456,-11,419.4630872
765016,-11,22.95684114
767384,-3,422.2972973
769756,-7,421.5851602
772152,-11,417.3622705
774544,-11,418.0602007
776920,-7,420.8754209
779312,-11,418.0602007
781700,-11,418.760469
784064,-7,423.0118443
786460,-15,417.3622705
828308,-15,23.89600459
830688,-3,420.1680672
833076,-15,418.760469
835452,-15,420.8754209
837832,-7,420.1680672
840200,-3,422.2972973
842568,-7,422.2972973
844956,-11,418.760469
847336,-11,420.1680672
849684,0,425.8943782
890392,-3,24.56519603
892780,-15,418.760469
895164,-7,419.4630872
897536,-7,421.5851602
899908,-7,421.5851602
902300,-11,418.0602007
904696,-11,417.3622705
907068,-7,421.5851602
909456,-15,418.760469
911840,-15,419.4630872
956412,-7,22.4356098
958792,-7,420.1680672
961176,-7,419.4630872
963564,-7,418.760469
965956,-11,418.0602007
968328,-3,421.5851602
970692,0,423.0118443
973064,-7,421.5851602
975432,-7,422.2972973
977808,-7,420.8754209
1016276,-11,25.99563273
1018696,-7,413.2231405
1021112,-3,413.9072848
1023524,-7,414.5936982
1025948,-3,412.5412541
1028372,-7,412.5412541
1030796,-11,412.5412541
1033224,-7,411.8616145
1035652,-11,411.8616145
1038056,-7,415.9733777
1083896,-11,21.81500873
1086320,-7,412.5412541
1088752,-11,411.1842105
1091172,-15,413.2231405
1093620,-11,408.496732
1096052,-11,411.1842105
1098480,-15,411.8616145
1100912,-11,411.1842105
1103332,-11,413.2231405
1105756,-15,412.5412541
1154940,-3,20.33181522
1157376,-15,410.5090312
1159804,-11,411.8616145
1162260,-11,407.1661238
1164680,-7,413.2231405
1167108,-11,411.8616145
1169532,-7,412.5412541
1171948,-7,413.9072848
1174368,-11,413.2231405
1176784,-7,413.9072848
1223704,-7,21.31287298
1226120,-7,413.9072848
1228536,-7,413.9072848
1230968,-11,411.1842105
1233384,-7,413.9072848
1235796,-7,414.5936982
1238228,-19,411.1842105
1240652,-11,412.5412541
1243080,-11,411.8616145
1245512,-15,411.1842105
1295728,-15,19.91397164
1298160,-11,411.1842105
1300596,-11,410.5090312
1303028,-7,411.1842105
1305460,-11,411.1842105
1307880,-7,413.2231405
1310304,-11,412.5412541
1312740,-11,410.5090312
1315168,-11,411.8616145
1317576,-7,415.282392
1365644,-15,20.8038612
1368072,-7,411.8616145
1370504,-15,411.1842105
1372920,-7,413.9072848
1375352,-15,411.1842105
1377780,-7,411.8616145
1380212,-11,411.1842105
1382640,-11,411.8616145
1385060,-11,413.2231405
1387480,-7,413.2231405
1434968,-15,21.05795148
1437392,-11,412.5412541
1439828,-11,410.5090312
1442252,-11,412.5412541
1444660,-7,415.282392
1447092,-7,411.1842105
1449500,-7,415.282392
1451912,-7,414.5936982
1454324,-7,414.5936982
1456736,-3,414.5936982
1503124,-11,21.5572993
1505556,-15,411.1842105
1507968,-3,414.5936982
1510392,-3,412.5412541
1512820,-3,411.8616145
1515248,-11,411.8616145
1517672,-3,412.5412541
1520088,-7,413.9072848
1522504,-15,413.9072848
1524932,-11,411.8616145
1575120,-7,19.92508169
1577544,-7,412.5412541
1579984,-11,409.8360656
1582400,-7,413.9072848
1584828,-11,411.8616145
1587256,-3,411.8616145
1589664,-3,415.282392
1592076,-7,414.5936982
1594504,-11,411.8616145
1596928,-15,412.5412541
1643292,-11,21.56845829
1645724,-11,411.1842105
1648136,-3,414.5936982
1650540,-7,415.9733777
1652968,-7,411.8616145
1655392,-11,412.5412541
1657832,-11,409.8360656
1660228,0,417.3622705
1662648,-15,413.2231405
1665084,-11,410.5090312
1711996,-7,21.3165075
1714412,-7,413.9072848
1716824,-7,414.5936982
1719252,-7,411.8616145
1721676,-7,412.5412541
1724084,-7,415.282392
1726524,-11,409.8360656
1728916,0,418.0602007
1731324,-3,415.282392
1733752,-11,411.8616145
1778436,-11,22.37937517
1780872,-11,410.5090312
1783300,-11,411.8616145
1785728,-3,411.8616145
1788164,-15,410.5090312
1790592,-11,411.8616145
1793016,-7,412.5412541
1795444,-11,411.8616145
1797864,-15,413.2231405
1800296,-11,411.1842105
1848900,-11,20.57443832
1851336,-11,410.5090312
1853768,-15,411.1842105
1856200,-11,411.1842105
1858628,-7,411.8616145
1861044,-7,413.9072848
1863472,-11,411.8616145
1865900,-11,411.8616145
1868312,-7,414.5936982
1870720,-7,415.282392
1921508,-11,19.68969048
1923920,-7,414.5936982
1926356,-11,410.5090312
1928800,-11,409.1653028
1931224,-7,412.5412541
1933656,-15,411.1842105
1936080,-11,412.5412541
1938516,-11,410.5090312
1940940,-11,412.5412541
1943348,-7,415.282392
1991408,-11,20.80732418
1993844,-11,410.5090312
1996284,-15,409.8360656
1998700,-7,413.9072848
2001132,-11,411.1842105
2003568,-11,410.5090312
2005992,-7,412.5412541
2008408,-7,413.9072848
2010828,-15,413.2231405
2013248,-7,413.2231405
2060724,-7,21.06327408
2063140,-7,413.9072848
2065564,-3,412.5412541
2067972,-7,415.282392
2070408,-11,410.5090312
2072848,-11,409.8360656
2075276,-11,411.8616145
2077688,-7,414.5936982
2080116,-15,411.8616145
2082536,-11,413.2231405
2129464,-7,21.30923969
2131896,-11,411.1842105
2134324,-7,411.8616145
2136740,-7,413.9072848
2139164,-3,412.5412541
2141596,-11,411.1842105
2144024,-11,411.8616145
2146456,-11,411.1842105
2148876,-15,413.2231405
2151308,-11,411.1842105
2202072,-7,19.69899929
2204500,-15,411.8616145
2206940,-15,409.8360656
2209368,-11,411.8616145
2211800,-15,411.1842105
2214224,-7,412.5412541
2216652,-11,411.8616145
2219088,-11,410.5090312
2221512,-15,412.5412541
2223936,-11,412.5412541
2272568,-11,20.56259253
2275004,-11,410.5090312
2277428,-7,412.5412541
2279856,-11,411.8616145
2282288,-15,411.1842105
2284708,-7,413.2231405
2287136,-11,411.8616145
2289548,-7,414.5936982
2291976,-15,411.8616145
2294400,-15,412.5412541
2342456,-7,20.8090561
2344888,-15,411.1842105
2347324,-11,410.5090312
2349736,-7,414.5936982
2352160,-3,412.5412541
2354592,-11,411.1842105
2357008,-7,413.9072848
2359436,-15,411.8616145
2361860,-15,412.5412541
2364284,-11,412.5412541
2411776,-11,21.05617788
2414204,-11,411.8616145
2416628,-7,412.5412541
2419060,-15,411.1842105
2421476,-7,413.9072848
2423908,-11,411.1842105
2426340,-11,411.1842105
2428752,-7,414.5936982
2431184,-11,411.1842105
2433608,-15,412.5412541
2484936,-3,19.48254364
2487376,-11,409.8360656
2489788,-7,414.5936982
2492220,-15,411.1842105
2494656,-15,410.5090312
2497092,-15,410.5090312
2499520,-15,411.8616145
2501952,-11,411.1842105
2504376,-15,412.5412541
2506812,-11,410.5090312
2555428,-11,20.56935988
2557856,-19,411.8616145
2560284,-7,411.8616145
2562700,-19,413.9072848
2565132,-7,411.1842105
2567560,-11,411.8616145
2569988,-15,411.8616145
2572404,-7,413.9072848
2574828,-11,412.5412541
2577252,-15,412.5412541
2625316,-11,20.80559254
2627732,-7,413.9072848
2630160,-11,411.8616145
2632592,-11,411.1842105
2635012,-7,413.2231405
2637444,-11,411.1842105
2639884,-11,409.8360656
2642296,-7,414.5936982
2644700,-7,415.9733777
2647124,-11,412.5412541
2694600,-7,21.06327408
2697024,-11,412.5412541
2699460,-15,410.5090312
2701892,-11,411.1842105
2704316,-7,412.5412541
2706748,-11,411.1842105
2709160,-3,414.5936982
2711596,-11,410.5090312
2714020,-15,412.5412541
2716440,-11,413.2231405
2764508,-11,20.8038612
2766948,-11,409.8360656
2769384,-11,410.5090312
2771812,-15,411.8616145
2774236,-7,412.5412541
2776672,-15,410.5090312
2779112,-11,409.8360656
2781540,-15,411.8616145
2783948,-3,415.282392
2786384,-11,410.5090312
2838268,-7,19.27376455
2840684,-3,413.9072848
2843096,-3,414.5936982
2845516,-7,413.2231405
2847940,-11,412.5412541
2850372,-15,411.1842105
2852804,-15,411.1842105
2855232,-11,411.8616145
2857644,-3,414.5936982
2860076,-11,411.1842105
2907028,-15,21.29834725
2909456,-7,411.8616145
2911888,-15,411.1842105
2914316,-7,411.8616145
2916752,-15,410.5090312
2919180,-11,411.8616145
2921600,-3,413.2231405
2924012,-7,414.5936982
2926420,-3,415.282392
2928852,-15,411.1842105
2975812,-15,21.29471891
2978244,-15,411.1842105
2980676,-11,411.1842105
2983108,-11,411.1842105
2985540,-11,411.1842105
2987980,-11,409.8360656
2990408,-11,411.8616145
2992832,-11,412.5412541
2995268,-11,410.5090312
2997676,-7,415.282392
3046884,-15,20.32189888
3049308,-19,412.5412541
3051736,-7,411.8616145
3054160,-3,412.5412541
3056584,-7,412.5412541
3059012,-11,411.8616145
3061448,-19,410.5090312
3063868,-7,413.2231405
3066292,-11,412.5412541
3068716,-11,412.5412541
3119516,-22,19.68503937
3121932,-19,413.9072848
3124364,-19,411.1842105
3126800,-11,410.5090312
3129224,-15,412.5412541
3131660,-19,410.5090312
3134084,-15,412.5412541
3136524,-11,409.8360656
3138948,-11,412.5412541
3141380,-11,411.1842105
3191132,-7,20.09969448
3193560,-11,411.8616145
3195984,-3,412.5412541
3198404,-3,413.2231405
3200828,-11,412.5412541
3203252,-7,412.5412541
3205680,-11,411.8616145
3208108,-15,411.8616145
3210544,-15,410.5090312
3212968,-11,412.5412541
3260476,11,21.04908647
3262880,3,415.9733777
3265292,-7,414.5936982
3267720,-22,411.8616145
3270128,3,415.282392
3272552,3,412.5412541
3274976,-22,412.5412541
3277388,-7,414.5936982
3279796,3,415.282392
3282212,30,413.9072848
3325248,-30,23.23636026
3327672,-38,412.5412541
3330104,-30,411.1842105
3332536,-11,411.1842105
3334952,-7,413.9072848
3337376,-30,412.5412541
3339804,-34,411.8616145
3342224,-26,413.2231405
3344652,-11,411.8616145
3347064,15,414.5936982
3395692,-19,20.56428395
3398124,-57,411.1842105
3400552,-38,411.8616145
3402980,-45,411.8616145
3405408,-26,411.8616145
3407844,-57,410.5090312
3410276,-45,411.1842105
3412688,-49,414.5936982
3415120,-57,411.1842105
3417536,-65,413.9072848
3470572,-53,18.85511728
3473000,-45,411.8616145
3475436,-42,410.5090312
3477868,-42,411.1842105
3480292,-19,412.5412541
3482724,-26,411.1842105
3485136,-30,414.5936982
3487556,-38,413.2231405
3489984,-34,411.8616145
3492400,-61,413.9072848
3542152,-68,20.09969448
3544576,-68,412.5412541
3547004,-76,411.8616145
3549432,-80,411.8616145
3551856,-80,412.5412541
3554292,-72,410.5090312
3556720,-95,411.8616145
3559140,-95,413.2231405
3561568,-91,411.8616145
3563988,-91,413.2231405
3613756,-68,20.0932326
3616172,-68,413.9072848
3618596,-72,412.5412541
3621032,-76,410.5090312
3623448,-72,413.9072848
3625880,-65,411.1842105
3628304,-65,412.5412541
3630724,-72,413.2231405
3633160,-65,410.5090312
3635584,-65,412.5412541
3685348,-68,20.09484768
3687784,-65,410.5090312
3690208,-61,412.5412541
3692648,-61,409.8360656
3695072,-65,412.5412541
3697492,-61,413.2231405
3699920,-61,411.8616145
3702340,-61,413.2231405
3704764,-68,412.5412541
3707188,-61,412.5412541
3760228,-76,18.85369532
3762656,-80,411.8616145
3765080,-84,412.5412541
3767508,-88,411.8616145
3769944,-80,410.5090312
3772376,-76,411.1842105
3774800,-80,412.5412541
3777224,-76,412.5412541
3779652,-80,411.8616145
3782072,-80,413.2231405
3831840,-65,20.0932326
3834256,-61,413.9072848
3836680,-72,412.5412541
3839112,-72,411.1842105
3841528,-65,413.9072848
3843948,-72,413.2231405
3846380,-68,411.1842105
3848800,-68,413.2231405
3851224,-72,412.5412541
3853648,-76,412.5412541
3903412,-76,20.09484768
3905840,-76,411.8616145
3908276,-72,410.5090312
3910716,-72,409.8360656
3913152,-68,410.5090312
3915572,-72,413.2231405
3918000,-65,411.8616145
3920420,-76,413.2231405
3922844,-68,412.5412541
3925268,-68,412.5412541
3975008,-84,20.10454363
3977436,-80,411.8616145
3979856,-88,413.2231405
3982292,-88,410.5090312
3984720,-91,411.8616145
3987144,-88,412.5412541
3989584,-91,409.8360656
3992000,-88,413.9072848
3994420,-84,413.2231405
3996844,-84,412.5412541
4049880,-76,18.85511728
4052308,-68,411.8616145
4054728,-76,413.2231405
4057164,-80,410.5090312
4059584,-72,413.2231405
4062008,-72,412.5412541
4064432,-76,412.5412541
4066852,-68,413.2231405
4069276,-88,412.5412541
4071700,-80,412.5412541
4121464,-84,20.09484768
4123896,-91,411.1842105
4126328,-88,411.1842105
4128764,-80,410.5090312
4131204,-76,409.8360656
4133624,-72,413.2231405
4136052,-84,411.8616145
4138468,-76,413.9072848
4140880,-72,414.5936982
4143308,-84,411.8616145
4193064,-88,20.09807862
4195492,-88,411.8616145
4197916,-95,412.5412541
4200352,-91,410.5090312
4202772,-91,413.2231405
4205196,-91,412.5412541
4207636,-88,409.8360656
4210052,-95,413.9072848
4212468,-91,413.9072848
4214896,-91,411.8616145
4264648,-103,20.09969448
4267092,-118,409.1653028
4269528,-103,410.5090312
4271972,-145,409.1653028
4274416,-134,409.1653028
4276852,-122,410.5090312
4279304,-130,407.8303426
4281744,-111,409.8360656
4284180,-122,410.5090312
4286616,-118,410.5090312
4345316,-114,17.03577513
4347752,-107,410.5090312
4350196,-114,409.1653028
4352636,-111,409.8360656
4355100,-111,405.8441558
4357524,-80,412.5412541
4359940,-99,413.9072848
4362364,-57,412.5412541
4364800,-130,410.5090312
4367236,-118,410.5090312
4420932,-141,18.62336114
4423376,-141,409.1653028
4425824,-145,408.496732
4428256,-153,411.1842105
4430696,-149,409.8360656
4433144,-149,408.496732
4435588,-149,409.1653028
4438036,-153,408.496732
4440476,-145,409.8360656
4442916,-157,409.8360656
4498292,-168,18.05836463
4500740,-164,408.496732
4503184,-180,409.1653028
4505636,-191,407.8303426
4508068,-206,411.1842105
4510500,-183,411.1842105
4512952,-206,407.8303426
4515380,-191,411.8616145
4517820,-187,409.8360656
4520260,-199,409.8360656
4575648,-203,18.05445223
4578096,-195,408.496732
4580540,-206,409.1653028
4582996,-203,407.1661238
4585444,-199,408.496732
4587884,-206,409.8360656
4590320,-206,410.5090312
4592764,-206,409.1653028
4595200,-203,410.5090312
4597636,-210,410.5090312
4656312,-218,17.0427432
4658752,-214,409.8360656
4661200,-214,408.496732
4663640,-218,409.8360656
4666092,-226,407.8303426
4668540,-229,408.496732
4670976,-229,410.5090312
4673416,-218,409.8360656
4675852,-229,410.5090312
4678280,-222,411.8616145
4733660,-222,18.05706031
4736112,-218,407.8303426
4738552,-214,409.8360656
4740996,-210,409.1653028
4743440,-214,409.1653028
4745888,-210,408.496732
4748336,-210,408.496732
4750772,-218,410.5090312
4753204,-210,411.1842105
4755644,-218,409.8360656
4810960,-218,18.07795213
4813412,-214,407.8303426
4815864,-206,407.8303426
4818304,-210,409.8360656
4820756,-203,407.8303426
4823196,-210,409.8360656
4825640,-203,409.1653028
4828076,-199,410.5090312
4830524,-203,408.496732
4832960,-203,410.5090312
4902648,-168,14.34967283
4905076,-61,411.8616145
4907504,-137,411.8616145
4909940,-130,410.5090312
4912364,-49,412.5412541
4914796,-157,411.1842105
4917232,-57,410.5090312
4919672,-114,409.8360656
4922092,-91,413.2231405
4924520,-84,411.8616145
4980780,-107,17.77461785
4983208,-68,411.8616145
4985636,-49,411.8616145
4988060,15,412.5412541
4990472,7,414.5936982
4992880,-7,415.282392
4995304,-15,412.5412541
4997716,15,414.5936982
5000136,11,413.2231405
5002552,45,413.9072848
5048956,57,21.54986639
5051384,26,411.8616145
5053828,-11,409.1653028
5056256,-49,411.8616145
5058684,-76,411.8616145
5061132,-134,408.496732
5063568,-199,410.5090312
5066008,-214,409.8360656
5068444,-203,410.5090312
5070888,-218,409.1653028
5122276,-84,19.45979606
5124692,-80,413.9072848
5127132,-57,409.8360656
5129560,-45,411.8616145
5131984,-26,412.5412541
5134404,-3,413.2231405
5136816,26,414.5936982
5139232,26,413.9072848
5141648,11,413.9072848
5144056,15,415.282392
5190904,-15,21.34562842
5193324,-3,413.2231405
5195764,-26,409.8360656
5198192,-72,411.8616145
5200636,-107,409.1653028
5203076,-107,409.8360656
5205504,-84,411.8616145
5207928,-61,412.5412541
5210352,-80,412.5412541
5212772,-61,413.2231405
5262984,11,19.91555803
5265404,3,413.2231405
5267824,15,413.2231405
5270236,26,414.5936982
5272668,30,411.1842105
5275084,38,413.9072848
5277496,42,414.5936982
5279912,22,413.9072848
5282320,15,415.282392
5284712,0,418.0602007
5331008,-49,21.60013824
5333436,-42,411.8616145
5335852,-26,413.9072848
5338280,-26,411.8616145
5340716,-15,410.5090312
5343136,-19,413.2231405
5345568,-15,411.1842105
5347988,-19,413.2231405
5350428,-11,409.8360656
5352856,-11,411.8616145
5402640,-15,20.08677487
5405060,-26,413.2231405
5407488,-19,411.8616145
5409920,-30,411.1842105
5412336,-26,413.9072848
5414764,-34,411.8616145
5417192,-45,411.8616145
5419608,-49,413.9072848
5422040,-49,411.1842105
5424464,-42,412.5412541
5474236,34,20.09161778
5476664,38,411.8616145
5479088,22,412.5412541
5481520,15,411.1842105
5483940,11,413.2231405
5486352,3,414.5936982
5488764,3,414.5936982
5491156,0,418.0602007
5493556,7,416.6666667
5495952,0,417.3622705
5537316,38,24.17561164
5539744,34,411.8616145
5542172,42,411.8616145
5544584,30,414.5936982
5547020,38,410.5090312
5549436,38,413.9072848
5551856,30,413.2231405
5554284,22,411.8616145
5556700,26,413.9072848
5559108,26,415.282392
5606568,34,21.07037505
5608980,38,414.5936982
5611412,107,411.1842105
5613852,103,409.8360656
5616264,72,414.5936982
5618696,88,411.1842105
5621104,99,415.282392
5623512,84,415.282392
5625944,118,411.1842105
5628372,126,411.8616145
5674800,107,21.53872663
5677236,118,410.5090312
5679672,126,410.5090312
5682096,91,412.5412541
5684520,72,412.5412541
5686944,88,412.5412541
5689380,111,410.5090312
5691796,99,413.9072848
5694220,103,412.5412541
5696656,111,410.5090312
5744180,88,21.04199983
5746596,91,413.9072848
5749028,88,411.1842105
5751448,88,413.2231405
5753876,80,411.8616145
5756304,76,411.8616145
5758724,68,413.2231405
5761136,72,414.5936982
5763552,95,413.9072848
5765960,88,415.282392
5810128,95,22.64082594
5812556,84,411.8616145
5814976,84,413.2231405
5817404,88,411.8616145
5819828,84,412.5412541
5822240,84,414.5936982
5824660,88,413.2231405
5827068,80,415.282392
5829476,72,415.282392
5831892,72,413.9072848
5876076,99,22.6326272
5878492,99,413.9072848
5880912,99,413.2231405
5883324,99,414.5936982
5885740,95,413.9072848
5888172,91,411.1842105
5890584,88,414.5936982
5892992,95,415.282392
5895412,99,413.2231405
5897820,95,415.282392
5945240,126,21.08814846
5947684,130,409.1653028
5950120,126,410.5090312
5952564,130,409.1653028
5954988,134,412.5412541
5957432,126,409.1653028
5959864,134,411.1842105
5962292,130,411.8616145
5964720,134,411.8616145
5967160,134,409.8360656
6016964,180,20.07870854
6019396,183,411.1842105
6021824,176,411.8616145
6024276,183,407.8303426
6026712,191,410.5090312
6029140,176,411.8616145
6031580,187,409.8360656
6034012,191,411.1842105
6036448,195,410.5090312
6038880,191,411.1842105
6088688,233,20.07709605
6091124,222,410.5090312
6093552,229,411.8616145
6095996,237,409.1653028
6098428,237,411.1842105
6100864,241,410.5090312
6103304,241,409.8360656
6105728,256,412.5412541
6108172,252,409.1653028
6110604,256,411.1842105
6160416,295,20.07548382
6162852,302,410.5090312
6165284,283,411.1842105
6167724,287,409.8360656
6170160,298,410.5090312
6172604,298,409.1653028
6175040,295,410.5090312
6177468,298,411.8616145
6179908,302,409.8360656
6182336,306,411.8616145
6235436,321,18.83239171
6237876,325,409.8360656
6240320,329,409.1653028
6242756,333,410.5090312
6245200,321,409.1653028
6247644,329,409.1653028
6250076,329,411.1842105
6252512,325,410.5090312
6254948,325,410.5090312
6257376,329,411.8616145
6307176,329,20.08032129
6309608,325,411.1842105
6312044,333,410.5090312
6314484,321,409.8360656
6316916,325,411.1842105
6319356,329,409.8360656
6321796,329,409.8360656
6324240,321,409.1653028
6326668,329,411.8616145
6329104,329,410.5090312
6378912,314,20.07709605
6381348,310,410.5090312
6383784,306,410.5090312
6386220,302,410.5090312
6388660,310,409.8360656
6391100,306,409.8360656
6393532,306,411.1842105
6395972,306,409.8360656
6398400,306,411.8616145
6400828,298,411.8616145
6450632,283,20.07870854
6453064,287,411.1842105
6455500,287,410.5090312
6457940,287,409.8360656
6460384,287,409.1653028
6462820,287,410.5090312
6465252,287,411.1842105
6467692,283,409.8360656
6470128,287,410.5090312
6472556,283,411.8616145
6525648,264,18.83522941
6528096,252,408.496732
6530524,264,411.8616145
6532956,268,411.1842105
6535400,268,409.1653028
6537832,237,411.1842105
6540272,268,409.8360656
6542708,268,410.5090312
6545136,268,411.8616145
6547572,249,410.5090312
6597368,237,20.08193429
6599800,229,411.1842105
6602232,226,411.1842105
6604676,222,409.1653028
6607112,218,410.5090312
6609544,226,411.1842105
6611992,222,408.496732
6614424,226,411.1842105
6616848,222,412.5412541
6619276,229,411.8616145
6669076,199,20.08032129
6671508,199,411.1842105
6673936,199,411.8616145
6676376,195,409.8360656
6678812,199,410.5090312
6681244,199,411.1842105
6683688,195,409.1653028
6686112,195,412.5412541
6688540,191,411.8616145
6690972,180,411.1842105
6740760,168,20.08516108
6743196,168,410.5090312
6745620,168,412.5412541
6748072,164,407.8303426
6750516,160,409.1653028
6752944,168,411.8616145
6755388,157,409.1653028
6757812,160,412.5412541
6760240,160,411.8616145
6762668,160,411.8616145
6815772,130,18.83097318
6818216,126,409.1653028
6820640,134,412.5412541
6823080,137,409.8360656
6825512,130,411.1842105
6827948,114,410.5090312
6830380,114,411.1842105
6832812,111,411.1842105
6835248,114,410.5090312
6837668,103,413.2231405
6887416,103,20.10131061
6889836,76,413.2231405
6892268,157,411.1842105
6894696,49,411.8616145
6897116,76,413.2231405
6899536,95,413.2231405
6901972,160,410.5090312
6904384,91,414.5936982
6906812,107,411.8616145
6909232,76,413.2231405
6955584,57,21.57404211
6958012,65,411.8616145
6960448,107,410.5090312
6962880,126,411.1842105
6965320,88,409.8360656
6967732,57,414.5936982
6970148,38,413.9072848
6972564,22,413.9072848
6974972,53,415.282392
6977380,65,415.282392
7022700,11,22.06531333
7025124,11,412.5412541
7027548,-30,412.5412541
7029976,-42,411.8616145
7032408,-38,411.1842105
7034840,-49,411.1842105
7037268,-65,411.8616145
7039688,-57,413.2231405
7042116,-68,411.8616145
7044536,-91,413.2231405
7093212,34,20.54400526
7095636,53,412.5412541
7098056,57,413.2231405
7100492,53,410.5090312
7102904,80,414.5936982
7105316,57,414.5936982
7107744,15,411.8616145
7110156,53,414.5936982
7112576,38,413.2231405
7114996,45,413.2231405
7162540,-103,21.03314824
7164988,-145,408.496732
7167432,-153,409.1653028
7169868,-210,410.5090312
7172320,-210,407.8303426
7174760,-222,409.8360656
7177204,-164,409.1653028
7179640,-203,410.5090312
7182076,-183,410.5090312
7184516,-191,409.8360656
7239856,-68,18.07011203
7242276,-49,413.2231405
7244708,-68,411.1842105
7247140,-61,411.1842105
7249568,-80,411.8616145
7252016,-95,408.496732
7254436,-88,413.2231405
7256872,-107,410.5090312
7259312,-103,409.8360656
7261744,-111,411.1842105
7313232,-141,19.42200124
7315684,-126,407.8303426
7318124,-172,409.8360656
7320572,-137,408.496732
7323028,-153,407.1661238
7325468,-164,409.8360656
7327908,-168,409.8360656
7330344,-168,410.5090312
7332784,-176,409.8360656
7335228,-164,409.1653028
7390588,-229,18.06358382
7393024,-187,410.5090312
7395476,-256,407.8303426
7397912,-191,410.5090312
7400352,-226,409.8360656
7402800,-160,408.496732
7405248,-233,408.496732
7407696,-180,408.496732
7410128,-180,411.1842105
7412564,-172,410.5090312
7471220,-245,17.04855428
7473664,-241,409.1653028
7476104,-245,409.8360656
7478548,-241,409.1653028
7480992,-249,409.1653028
7483444,-272,407.8303426
7485876,-237,411.1842105
7488312,-256,410.5090312
7490748,-245,410.5090312
7493184,-256,410.5090312
7548608,-272,18.04272517
7551060,-275,407.8303426
7553500,-287,409.8360656
7555948,-287,408.496732
7558384,-283,410.5090312
7560832,-287,408.496732
7563288,-287,407.1661238
7565728,-279,409.8360656
7568168,-283,409.8360656
7570604,-275,410.5090312
7626036,-298,18.04012123
7628476,-310,409.8360656
7630944,-302,405.1863857
7633384,-310,409.8360656
7635828,-306,409.1653028
7638276,-302,408.496732
7640720,-314,409.1653028
7643168,-302,408.496732
7645608,-310,409.8360656
7648040,-295,411.1842105
7703476,-287,18.03881954
7705920,-279,409.1653028
7708368,-287,408.496732
7710824,-279,407.1661238
7713268,-295,409.1653028
7715704,-291,410.5090312
7718152,-302,408.496732
7720588,-302,410.5090312
7723032,-298,409.1653028
7725472,-306,409.8360656
7784148,-279,17.0427432
7786592,-275,409.1653028
7789040,-279,408.496732
7791480,-268,409.8360656
7793928,-279,408.496732
7796368,-272,409.8360656
7798820,-279,407.8303426
7801252,-268,411.1842105
7803688,-268,410.5090312
7806128,-275,409.8360656
7861568,-233,18.03751804
7864008,-245,409.8360656
7866460,-203,407.8303426
7868904,-226,409.1653028
7871348,-256,409.1653028
7873796,-241,408.496732
7876240,-260,409.1653028
7878688,-195,408.496732
7881120,-203,411.1842105
7883560,-206,409.8360656
7938980,-272,18.04402743
7941424,-153,409.1653028
7943868,-275,409.1653028
7946324,-199,407.1661238
7948752,-137,411.8616145
7951204,-310,407.8303426
7953644,-256,409.8360656
7956076,-134,411.1842105
7958524,-295,408.496732
7960960,-164,410.5090312
8016296,26,18.07141824
8018700,7,415.9733777
8021128,53,411.8616145
8023532,-7,415.9733777
8025952,-42,413.2231405
8028380,-34,411.8616145
8030816,-134,410.5090312
8033252,-26,410.5090312
8035676,-11,412.5412541
8038096,-26,413.2231405
8088904,26,19.68193985
8091300,7,417.3622705
8093728,72,411.8616145
8096148,11,413.2231405
8098560,22,414.5936982
8100984,11,412.5412541
8103392,38,415.282392
8105800,53,415.282392
8108220,22,413.2231405
8110628,-7,415.282392
8154272,-45,22.91265695
8156688,7,413.9072848
8159108,57,413.2231405
8161532,91,412.5412541
8163960,118,411.8616145
8166392,91,411.1842105
8168828,126,410.5090312
8171252,118,412.5412541
8173676,88,412.5412541
8176088,72,414.5936982
8221984,-15,21.78839115
8224408,-30,412.5412541
8226852,-22,409.1653028
8229272,-15,413.2231405
8231700,-26,411.8616145
8234132,-34,411.1842105
8236556,-22,412.5412541
8238980,-22,412.5412541
8241412,-15,411.1842105
8243828,-19,413.9072848
8293648,-34,20.07226014
8296072,-26,412.5412541
8298504,-30,411.1842105
8300936,-30,411.1842105
8303364,-19,411.8616145
8305784,-7,413.2231405
8308200,-7,413.9072848
8310620,-11,413.2231405
8313036,-7,413.9072848
8315448,-7,414.5936982
8366328,80,19.65408805
8368740,80,414.5936982
8371164,72,412.5412541
8373592,65,411.8616145
8376008,57,413.9072848
8378432,61,412.5412541
8380836,65,415.9733777
8383252,61,413.9072848
8385672,57,413.2231405
8388080,57,415.282392
8432284,72,22.62238711
8434708,65,412.5412541
8437132,68,412.5412541
8439548,65,413.9072848
8441968,61,413.2231405
8444380,53,414.5936982
8446796,45,413.9072848
8449212,38,413.9072848
8451624,42,414.5936982
8454036,49,414.5936982
8498240,38,22.62238711
8500664,38,412.5412541
8503076,30,414.5936982
8505504,22,411.8616145
8507928,19,412.5412541
8510352,22,412.5412541
8512784,26,411.1842105
8515192,30,415.282392
8517616,42,412.5412541
8520036,49,413.2231405
8564232,34,22.62648203
8566656,38,412.5412541
8569076,45,413.2231405
8571496,42,413.2231405
8573932,49,410.5090312
8576352,53,413.2231405
8578776,57,412.5412541
8581196,49,413.2231405
8583604,53,415.282392
8586016,53,414.5936982
8630220,72,22.62238711
8632644,80,412.5412541
8635056,76,414.5936982
8637484,68,411.8616145
8639904,72,413.2231405
8642324,68,413.2231405
8644740,68,413.9072848
8647148,72,415.282392
8649560,61,414.5936982
8651980,57,413.2231405
8699500,76,21.04377104
8701928,76,411.8616145
8704356,84,411.8616145
8706760,80,415.9733777
8709188,91,411.8616145
8711608,95,413.2231405
8714016,99,415.282392
8716444,107,411.8616145
8718868,111,412.5412541
8721280,99,414.5936982
8766632,130,22.04974422
8769060,134,411.8616145
8771492,141,411.1842105
8773936,141,409.1653028
8776364,145,411.8616145
8778816,141,407.8303426
8781244,137,411.8616145
8783668,141,412.5412541
8786104,137,410.5090312
8788528,134,412.5412541
8838364,183,20.06581588
8840796,183,411.1842105
8843244,183,408.496732
8845676,187,411.1842105
8848108,183,411.1842105
8850548,199,409.8360656
8852980,199,411.1842105
8855404,199,412.5412541
8857836,195,411.1842105
8860260,206,412.5412541
8910088,218,20.06903749
8912516,222,411.8616145
8914964,229,408.496732
8917400,229,410.5090312
8919828,229,411.8616145
8922276,233,408.496732
8924704,237,411.8616145
8927136,233,411.1842105
8929576,237,409.8360656
8932008,241,411.1842105
8985148,272,18.81821603
8987592,272,409.1653028
8990032,268,409.8360656
8992468,268,410.5090312
8994908,279,409.8360656
8997344,279,410.5090312
8999772,291,411.8616145
9002204,279,411.1842105
9004636,291,411.1842105
9007072,291,410.5090312
9056908,298,20.06581588
9059356,298,408.496732
9061796,302,409.8360656
9064228,306,411.1842105
9066664,302,410.5090312
9069096,302,411.1842105
9071536,306,409.8360656
9073976,302,409.8360656
9076408,306,411.1842105
9078848,298,409.8360656
9128672,275,20.07064868
9131116,272,409.1653028
9133560,279,409.1653028
9136000,283,409.8360656
9138448,272,408.496732
9140880,272,411.1842105
9143332,275,407.8303426
9145760,268,411.8616145
9148192,268,411.1842105
9150628,268,410.5090312
9200400,206,20.09161778
9202840,199,409.8360656
9205268,195,411.8616145
9207708,191,409.8360656
9210152,199,409.1653028
9212588,199,410.5090312
9215032,195,409.1653028
9217460,195,411.8616145
9219888,191,411.8616145
9222316,195,411.8616145
9272148,107,20.06742655
9274584,118,410.5090312
9277016,114,411.1842105
9279460,122,409.1653028
9281900,130,409.8360656
9284332,114,411.1842105
9286772,122,409.8360656
9289196,145,412.5412541
9291620,130,412.5412541
9294036,61,413.9072848
9346600,53,19.02442736
9349008,7,415.282392
9351436,15,411.8616145
9353864,22,411.8616145
9356296,15,411.1842105
9358704,3,415.282392
9361116,30,414.5936982
9363544,26,411.8616145
9365952,15,415.282392
9368368,11,413.9072848
9411460,-53,23.20616356
9413888,-88,411.8616145
9416312,-57,412.5412541
9418756,-49,409.1653028
9421188,-22,411.1842105
9423620,-15,411.1842105
9426048,-34,411.8616145
9428468,-34,413.2231405
9430884,-34,413.9072848
9433312,-49,411.8616145
9483128,57,20.07387185
9485552,57,412.5412541
9487964,80,414.5936982
9490392,76,411.8616145
9492816,76,412.5412541
9495232,88,413.9072848
9497660,95,411.8616145
9500068,91,415.282392
9502484,99,413.9072848
9504904,95,413.2231405
9549100,88,22.62648203
9551520,72,413.2231405
9553948,84,411.8616145
9556364,91,413.9072848
9558788,99,412.5412541
9561212,99,412.5412541
9563640,103,411.8616145
9566064,91,412.5412541
9568480,91,413.9072848
9570892,68,414.5936982
9619000,-218,20.78656357
9621456,-272,407.1661238
9623896,-222,409.8360656
9626344,-160,408.496732
9628796,-145,407.8303426
9631224,-80,411.8616145
9633656,-111,411.1842105
9636092,-145,410.5090312
9638528,-214,410.5090312
9640980,-229,407.8303426
9695836,49,18.22954645
9698260,42,412.5412541
9700688,38,411.8616145
9703104,34,413.9072848
9705532,42,411.8616145
9707956,26,412.5412541
9710372,19,413.9072848
9712792,30,413.2231405
9715204,53,414.5936982
9717620,38,413.9072848
9761832,-84,22.61829368
9764260,-91,411.8616145
9766680,-95,413.2231405
9769108,-91,411.8616145
9771532,-84,412.5412541
9773956,-91,412.5412541
9776384,-84,411.8616145
9778804,-61,413.2231405
9781240,-57,410.5090312
9783664,-61,412.5412541
9833500,19,20.06581588
9835916,15,413.9072848
9838336,15,413.2231405
9840768,-34,411.1842105
9843164,0,417.3622705
9845576,-7,414.5936982
9847988,3,414.5936982
9850404,-26,413.9072848
9852828,-38,412.5412541
9855252,-38,412.5412541
9900608,-30,22.04779963
9903036,-22,411.8616145
9905468,-19,411.1842105
9907888,-7,413.2231405
9910292,0,415.9733777
9912700,3,415.282392
9915096,0,417.3622705
9917508,-3,414.5936982
9919920,15,414.5936982
9922336,15,413.9072848
9979184,-42,17.59076836
9981608,-57,412.5412541
9984040,-49,411.1842105
9986456,-53,413.9072848
9988876,-42,413.2231405
9991300,-42,412.5412541
9993720,-34,413.2231405
9996140,-30,413.2231405
9998564,-45,412.5412541
10000984,-26,413.2231405
10056096,-38,18.14486863
10058564,-38,405.1863857
10061048,-30,402.5764895
10063512,-30,405.8441558
10065984,-26,404.5307443
10068452,-22,405.1863857
10070916,-26,405.8441558
10073380,-26,405.8441558
10075844,-30,405.8441558
10078316,-22,404.5307443
10133620,-15,18.08187473
10136088,-15,405.1863857
10138564,-7,403.8772213
10141036,-11,404.5307443
10143488,-7,407.8303426
10145936,0,408.496732
10148372,0,410.5090312
10150824,3,407.8303426
10153280,15,407.1661238
10155736,11,407.1661238
10205476,3,20.10454363
10207916,0,409.8360656
10210368,7,407.8303426
10212824,3,407.1661238
10215272,3,408.496732
10217724,3,407.8303426
10220188,11,405.8441558
10222640,7,407.8303426
10225092,15,407.8303426
10227548,15,407.1661238
10276552,19,20.40649743
10279020,15,405.1863857
10281484,15,405.8441558
10283948,15,405.8441558
10286408,11,406.504065
10288848,7,409.8360656
10291308,11,406.504065
10293756,11,408.496732
10296216,15,406.504065
10298676,11,406.504065
10347716,3,20.39151713
10350156,0,409.8360656
10352616,-3,406.504065
10355088,-3,404.5307443
10357540,-7,407.8303426
10360016,-11,403.8772213
10362476,-3,406.504065
10364940,-7,405.8441558
10367404,-15,405.8441558
10369868,-11,405.8441558
10434216,-19,15.54049854
10436692,-22,403.8772213
10439156,-19,405.8441558
10441620,-30,405.8441558
10444084,-26,405.8441558
10446544,-26,406.504065
10449008,-22,405.8441558
10451468,-22,406.504065
10453932,-30,405.8441558
10456396,-26,405.8441558
10512064,-3,17.96364159
10514540,-11,403.8772213
10517008,-11,405.1863857
10519488,-11,403.2258065
10521960,-15,404.5307443
10524432,-15,404.5307443
10526900,-19,405.1863857
10529368,-15,405.1863857
10531848,-15,403.2258065
10534312,-15,405.8441558
10592336,3,17.2342479
10594780,0,409.1653028
10597220,7,409.8360656
10599680,3,406.504065
10602112,0,411.1842105
10604572,3,406.504065
10607012,3,409.8360656
10609452,7,409.8360656
10611896,0,409.1653028
10614336,7,409.8360656
10658472,3,22.65724125
10660928,3,407.1661238
10663376,3,408.496732
10665828,0,407.8303426
10668264,0,410.5090312
10670716,-7,407.8303426
10673180,-3,405.8441558
10675628,-3,408.496732
10678056,0,411.8616145
10680516,-3,406.504065
10726892,11,21.56287735
10729348,7,407.1661238
10731812,7,405.8441558
10734272,11,406.504065
10736728,7,407.1661238
10739168,0,409.8360656
10741628,-3,406.504065
10744064,0,410.5090312
10746516,-7,407.8303426
10748976,-3,406.504065
10795832,-3,21.34198395
10798288,0,407.1661238
10800740,-3,407.8303426
10803212,-3,404.5307443
10805656,0,409.1653028
10808116,-3,406.504065
10810568,0,407.8303426
10813016,-3,408.496732
10815476,-3,406.504065
10817928,-7,407.8303426
10869172,-3,19.51447974
10871628,-3,407.1661238
10874084,-3,407.1661238
10876532,3,408.496732
10878996,3,405.8441558
10881428,0,411.1842105
10883876,-3,408.496732
10886316,0,409.8360656
10888764,-7,408.496732
10891224,-7,406.504065
10938576,3,21.11843217
10941036,-3,406.504065
10943496,3,406.504065
10945936,7,409.8360656
10948384,3,408.496732
10950864,11,403.2258065
10953308,7,409.1653028
10955772,11,405.8441558
10958232,15,406.504065
10960672,7,409.8360656
11007044,-7,21.56473734
11009500,3,407.1661238
11011956,-7,407.1661238
11014420,-7,405.8441558
11016856,0,410.5090312
11019324,-7,405.1863857
11021776,3,407.8303426
11024228,3,407.8303426
11026676,3,408.496732
11029120,3,409.1653028
11075496,-3,21.56287735
11077976,-15,403.2258065
11080452,-11,403.8772213
11082928,-11,403.8772213
11085392,-7,405.8441558
11087868,-11,403.8772213
11090332,-7,405.8441558
11092792,-15,406.504065
11095248,-7,407.1661238
11097696,-7,408.496732
11150236,-7,19.03311762
11152696,-7,406.504065
11155152,-3,407.1661238
11157628,-11,403.8772213
11160080,-7,407.8303426
11162544,-3,405.8441558
11165008,-3,405.8441558
11167456,-3,408.496732
11169924,-11,405.1863857
11172372,-3,408.496732
11226420,-3,18.50207223
11228884,-3,405.8441558
11231340,-3,407.1661238
11233796,-3,407.1661238
11236264,-7,405.1863857
11238720,-7,407.1661238
11241184,-11,405.8441558
11243652,-11,405.1863857
11246104,-3,407.8303426
11248560,34,407.1661238
11299428,-22,19.65872454
11301904,19,403.8772213
11304368,-26,405.8441558
11306836,-11,405.1863857
11309300,-3,405.8441558
11311760,-19,406.504065
11314236,-15,403.8772213
11316692,-34,407.1661238
11319156,-34,405.8441558
11321620,-45,405.8441558
11375764,-3,18.46926714
11378232,3,405.1863857
11380700,15,405.1863857
11383164,15,405.8441558
11385616,7,407.8303426
11388084,-7,405.1863857
11390520,0,410.5090312
11392976,3,407.1661238
11395428,3,407.8303426
11397872,7,409.1653028
11444252,15,21.56101768
11446720,53,405.1863857
11449188,19,405.1863857
11451652,57,405.8441558
11454112,38,406.504065
11456584,45,404.5307443
11459052,57,405.1863857
11461512,34,406.504065
11463956,0,409.1653028
11466412,65,407.1661238
11518876,26,19.06068923
11521352,-26,403.8772213
11523812,-19,406.504065
11526264,7,407.8303426
11528728,30,405.8441558
11531204,-11,403.8772213
11533660,38,407.1661238
11536096,7,410.5090312
11538540,7,409.1653028
11541000,-19,406.504065
11591308,-61,19.87755427
11593788,-22,403.2258065
11596252,-57,405.8441558
11598724,-42,404.5307443
11601204,-26,403.2258065
11603664,-61,406.504065
11606140,-53,403.8772213
11608600,-38,406.504065
11611064,-26,405.8441558
11613528,-38,405.8441558
11668920,107,18.05314847
11671388,88,405.1863857
11673852,65,405.8441558
11676304,76,407.8303426
11678792,53,401.9292605
11681252,38,406.504065
11683712,61,406.504065
11686172,38,406.504065
11688628,30,407.1661238
11691088,15,406.504065
